<campaign name="RS4 Rollout EOS Reboot Post 10B">
  <dialogs>
    <string id="832">
      <value>Starta om och uppdatera för att behålla supporten</value>
    </string>
    <string id="833">
      <value>Supporten för april 2018-uppdateringen för Windows 10 upphör i november 2019. Starta om för att installera en version av Windows som stöds.</value>
    </string>
    <string id="837">
      <value>Starta om och uppdatera för att behålla supporten</value>
    </string>
    <string id="838">
      <value>Supporten för april 2018-uppdateringen för Windows 10 upphör i november 2019. Starta om och installera den senaste versionen av Windows för att få de senaste säkerhetsuppdateringarna och support.</value>
    </string>
    <string id="842">
      <value>Starta om och uppdatera nu för att behålla supporten</value>
    </string>
    <string id="843">
      <value>Efter november 2019 kommer april 2018-uppdateringen för Windows 10 inte längre få säkerhetsuppdateringar och teknisk support. Starta om och installera den senaste versionen av Windows för att behålla supporten.</value>
    </string>
    <string id="846">
      <value>Automatisk omstart har schemalagts för viktiga uppdateringar</value>
    </string>
    <string id="847">
      <value>Starta om nu för att få den senaste versionen av Windows. Annars kommer vi att försöka starta om utanför dina aktiva timmar. Tänk bara på att låta enheten vara på och ansluten till elnätet.</value>
    </string>
    <string id="851">
      <value>Med den här uppdateringen får du en version av Windows som stöds. Starta om nu och låt enheten vara på och ansluten till elnätet. Annars försöker vi igen senare.</value>
    </string>
    <string id="855">
      <value>Det är dags att starta om för att behålla supporten</value>
    </string>
    <string id="856">
      <value>Vi kunde inte starta om för att uppdatera din enhet på den schemalagda tiden. Den kan ha varit avstängd, haft låg batterinivå eller använts. Starta om nu för att vara uppdaterad.</value>
    </string>
    <string id="860">
      <value>Starta om nu för att installera en version av Windows som stöds. Annars görs ett nytt försök snart och du blir påmind 15 minuter innan omstarten börjar. För att få den här uppdateringen måste du låta enheten vara på och ansluten till elnätet.</value>
    </string>
    <string id="864">
      <value>Den senaste versionen av Windows som stöds kommer att installeras så att du fortsätter vara skyddad. För att få uppdateringen måste du låta enheten vara på och ansluten till elnätet.</value>
    </string>
  </dialogs>
  <settings>
    <string id="810">
      <value>Supporten upphör snart för den version av Windows som du använder. Vi rekommenderar att du uppdaterar till den senaste versionen av Windows 10 nu för att få de senaste funktionerna och säkerhetsförbättringarna.</value>
    </string>
    <string id="812">
      <value>Läs mer</value>
    </string>
    <url id="813">
      <value>https://aka.ms/AA562qu</value>
    </url>
  </settings>
  <toasts>
    <string id="832">
      <value>Starta om och uppdatera för att behålla supporten</value>
    </string>
    <string id="833">
      <value>Supporten för april 2018-uppdateringen för Windows 10 upphör i november 2019. Starta om för att installera en version av Windows som stöds.</value>
    </string>
  </toasts>
</campaign>