<campaign name="RS4 Rollout EOS Reboot Post 10B">
  <dialogs>
    <string id="832">
      <value>Reinicie e atualize para manter o suporte</value>
    </string>
    <string id="833">
      <value>O suporte para a Atualização de abril de 2018 para o Windows 10 termina em novembro de 2019. Reinicie para instalar uma versão do Windows com suporte.</value>
    </string>
    <string id="837">
      <value>Reinicie e atualize para manter o suporte</value>
    </string>
    <string id="838">
      <value>O suporte para a Atualização de abril de 2018 para o Windows 10 termina em novembro de 2019. Reinicie e instale a versão mais recente do Windows para obter as últimas atualizações de segurança e suporte.</value>
    </string>
    <string id="842">
      <value>Reinicie e atualize agora para manter o suporte</value>
    </string>
    <string id="843">
      <value>Após novembro de 2019, a Atualização de abril de 2018 para o Windows 10 não receberá atualizações de segurança nem suporte técnico. Reinicie e instale a última versão do Windows para manter o suporte.</value>
    </string>
    <string id="846">
      <value>Reinicialização automática agendada para atualizações importantes</value>
    </string>
    <string id="847">
      <value>Reinicie agora para obter a versão mais recente do Windows com suporte. Caso contrário, tentaremos reiniciar fora do horário ativo. Só não se esqueça de deixar seu dispositivo ligado e conectado à tomada.</value>
    </string>
    <string id="851">
      <value>Com essa atualização, você executará uma versão do Windows com suporte. Reinicie agora e deixe o dispositivo ligado e conectado à tomada. Ou tentaremos novamente mais tarde.</value>
    </string>
    <string id="855">
      <value>Está na hora de reiniciar para manter o suporte</value>
    </string>
    <string id="856">
      <value>Não foi possível reiniciar para atualizar seu dispositivo na hora agendada. Talvez ele estava desligado, com a bateria fraca ou estava em uso. Reinicie agora para manter-se atualizado.</value>
    </string>
    <string id="860">
      <value>Reinicie agora para instalar uma versão do Windows com suporte. Caso contrário, tentaremos novamente em breve e lembraremos você 15 minutos antes de iniciar a reinicialização. Deixe seu dispositivo ligado e conectado à tomada para receber essa atualização.</value>
    </string>
    <string id="864">
      <value>A versão mais recente do Windows com suporte será instalada para ajudar você a ficar protegido. Deixe seu dispositivo ligado e conectado à tomada para receber a atualização.</value>
    </string>
  </dialogs>
  <settings>
    <string id="810">
      <value>Você está executando uma versão do Windows que está chegando ao fim do suporte. Recomendamos atualizar para a versão mais recente do Windows 10 agora para ter os recursos e os aprimoramentos de segurança mais recentes.</value>
    </string>
    <string id="812">
      <value>Saiba mais</value>
    </string>
    <url id="813">
      <value>https://aka.ms/AA562qu</value>
    </url>
  </settings>
  <toasts>
    <string id="832">
      <value>Reinicie e atualize para manter o suporte</value>
    </string>
    <string id="833">
      <value>O suporte para a Atualização de abril de 2018 para o Windows 10 termina em novembro de 2019. Reinicie para instalar uma versão do Windows com suporte.</value>
    </string>
  </toasts>
</campaign>