<campaign name="RS4 Rollout EOS Reboot Post 10B">
  <dialogs>
    <string id="832">
      <value>Käynnistä laite uudelleen ja päivitä, jotta tukesi säilyy</value>
    </string>
    <string id="833">
      <value>Windows 10:n huhtikuun 2018 päivityksen tuki päättyy marraskuussa 2019. Käynnistä laite uudelleen ja asenna tuettu Windows-versio.</value>
    </string>
    <string id="837">
      <value>Käynnistä laite uudelleen ja päivitä, jotta tukesi säilyy</value>
    </string>
    <string id="838">
      <value>Windows 10:n huhtikuun 2018 päivityksen tuki päättyy marraskuussa 2019. Käynnistä laite uudelleen ja asenna uusin Windows-versio, niin saat viimeisimmät tietoturvapäivitykset ja tuen käyttöösi.</value>
    </string>
    <string id="842">
      <value>Käynnistä laite uudelleen ja päivitä nyt, jotta tukesi säilyy</value>
    </string>
    <string id="843">
      <value>Marraskuun 2019 jälkeen Windows 10:n päivitys huhtikuu 2018 ei enää saa tietoturvapäivityksiä tai teknistä tukea. Käynnistä laite uudelleen ja asenna uusin Windows-versio, jotta tukesi säilyy.</value>
    </string>
    <string id="846">
      <value>Automaattinen uudelleenkäynnistys ajoitettu tärkeitä päivityksiä varten</value>
    </string>
    <string id="847">
      <value>Käynnistä laite uudelleen nyt ja hanki uusin tuettu Windows-versio. Muussa tapauksessa yritämme suorittaa uudelleenkäynnistyksen aktiivisen aikasi ulkopuolella. Varmista, että jätät laitteen päälle ja kytkettynä sähköverkkoon.</value>
    </string>
    <string id="851">
      <value>Tällä päivityksellä saat käyttöösi tuetun Windows-version. Käynnistä laite uudelleen nyt ja jätä se päälle sekä kytkettynä sähköverkkoon. Muussa tapauksessa yritämme myöhemmin uudelleen.</value>
    </string>
    <string id="855">
      <value>On aika käynnistää laite uudelleen, jotta tukesi säilyy</value>
    </string>
    <string id="856">
      <value>Laitteen uudelleenkäynnistys ajoitettuna ajankohtana päivitystä varten epäonnistui. Laite oli ehkä sammutettu, sen akun virta oli vähissä tai se oli käytössä. Käynnistä laite uudelleen nyt, jotta pysyt ajan tasalla.</value>
    </string>
    <string id="860">
      <value>Käynnistä laite uudelleen nyt ja asenna tuettu Windows-versio. Muussa tapauksessa yritämme pian uudelleen ja muistutamme sinua 15 minuuttia ennen uudelleenkäynnistystä. Jätä laite päälle ja kytkettynä sähköverkkoon, jotta saat tämän päivityksen.</value>
    </string>
    <string id="864">
      <value>Asennetaan uusin tuettu Windows-versio, jotta pysyt suojattuna. Jätä laite päälle ja kytkettynä sähköverkkoon, jotta saat päivityksen.</value>
    </string>
  </dialogs>
  <settings>
    <string id="810">
      <value>Käytät tällä hetkellä Windows-versiota, jonka tuki on päättymässä. Suosittelemme, että päivität Windows 10:n uusimpaan versioon, jotta saat uusimmat ominaisuudet ja suojaukseen liittyvät parannukset käyttöösi.</value>
    </string>
    <string id="812">
      <value>Lisätietoja</value>
    </string>
    <url id="813">
      <value>https://aka.ms/AA562qu</value>
    </url>
  </settings>
  <toasts>
    <string id="832">
      <value>Käynnistä laite uudelleen ja päivitä, jotta tukesi säilyy</value>
    </string>
    <string id="833">
      <value>Windows 10:n huhtikuun 2018 päivityksen tuki päättyy marraskuussa 2019. Käynnistä laite uudelleen ja asenna tuettu Windows-versio.</value>
    </string>
  </toasts>
</campaign>