<campaign name="RS4 Rollout EOS Reboot Post 10B">
  <dialogs>
    <string id="832">
      <value>Перезапуск и обновление с целью сохранения получения поддержки</value>
    </string>
    <string id="833">
      <value>Поддержка обновления Windows 10 за апрель 2018 г. заканчивается в ноябре 2019 г. Перезапустите устройство, чтобы установить обновления.</value>
    </string>
    <string id="837">
      <value>Перезапуск и обновление с целью сохранения получения поддержки</value>
    </string>
    <string id="838">
      <value>Поддержка обновления Windows 10 за апрель 2018 г. заканчивается в ноябре 2019 г. Перезапустите устройство и установите последнюю версию Windows, чтобы получить последние обновления для системы безопасности и поддержку.</value>
    </string>
    <string id="842">
      <value>Перезапуск и обновление с целью сохранения получения поддержки</value>
    </string>
    <string id="843">
      <value>После ноября 2019 г. обновление Windows 10 за апрель 2018 г. не будет получать обновления для системы безопасности и техническую поддержку. Перезагрузите и установите последнюю версию Windows, чтобы сохранить поддержку.</value>
    </string>
    <string id="846">
      <value>Запланирован автоматический перезапуск для установки важных обновлений</value>
    </string>
    <string id="847">
      <value>Перезапустите устройство сейчас, чтобы получить последнюю поддерживаемую версию Windows. В противном случае будет предпринята попытка перезапуска вне периода активности. Убедитесь, что устройство включено и подключено к сети электропитания.</value>
    </string>
    <string id="851">
      <value>Это обновление позволяет работать под управлением поддерживаемой версии Windows. Перезапустите устройство сейчас, а затем оставьте его включенным и подключенным к сети электропитания. Или повторите попытку позже.</value>
    </string>
    <string id="855">
      <value>Пора перезапустить устройство, чтобы сохранить поддержку</value>
    </string>
    <string id="856">
      <value>Не удалось перезапустить устройство для в запланированное время. Возможно, оно было отключено, разряжено или использовалось. Перезапустите устройство сейчас, чтобы установить обновления.</value>
    </string>
    <string id="860">
      <value>Перезапустите устройство сейчас, чтобы получить поддерживаемую версию Windows. В противном случае мы попробуем еще раз в течение 15 минут, прежде чем начнется перезагрузка. Убедитесь, что устройство включено и подключено к сети электропитания, чтобы получить это обновление.</value>
    </string>
    <string id="864">
      <value>Будет установлена последняя поддерживаемая версия Windows, которая поможет вам защитить свои данные. Убедитесь, что устройство включено и подключено к сети электропитания, чтобы получить это обновление.</value>
    </string>
  </dialogs>
  <settings>
    <string id="810">
      <value>Вы используете версию Windows, поддержка которой скоро прекращается. Мы рекомендуем обновиться до последней версии Windows 10, чтобы получить последние функции и улучшения системы безопасности.</value>
    </string>
    <string id="812">
      <value>Дополнительные сведения</value>
    </string>
    <url id="813">
      <value>https://aka.ms/AA562qu</value>
    </url>
  </settings>
  <toasts>
    <string id="832">
      <value>Перезапуск и обновление с целью сохранения получения поддержки</value>
    </string>
    <string id="833">
      <value>Поддержка обновления Windows 10 за апрель 2018 г. заканчивается в ноябре 2019 г. Перезапустите устройство, чтобы установить обновления.</value>
    </string>
  </toasts>
</campaign>