<campaign name="RS4 Rollout EOS Reboot Post 10B">
  <dialogs>
    <string id="832">
      <value>Reštartovanie a aktualizácia s cieľom zachovania podpory</value>
    </string>
    <string id="833">
      <value>Podpora pre aktualizáciu Windowsu 10 z apríla 2018 sa skončí v novembri 2019. Ak si chcete nainštalovať podporovanú verziu Windowsu, reštartujte svoj počítač.</value>
    </string>
    <string id="837">
      <value>Reštartovanie a aktualizácia s cieľom zachovania podpory</value>
    </string>
    <string id="838">
      <value>Podpora pre aktualizáciu Windowsu 10 z apríla 2018 sa skončí v novembri 2019. Reštartujte zariadenie a nainštalujte si poslednú verziu Windowsu, aby ste získali najnovšie aktualizácie a podporu zabezpečenia.</value>
    </string>
    <string id="842">
      <value>Reštartovanie a aktualizácia s cieľom zachovania podpory</value>
    </string>
    <string id="843">
      <value>Po novembri 2019 sa pre aktualizáciu Windowsu 10 z apríla 2018 nebudú poskytovať aktualizácie zabezpečenia ani technická podpora. Reštartujte a nainštalujte si najnovšiu verziu Windowsu, aby ste mali naďalej k dispozícii podporu.</value>
    </string>
    <string id="846">
      <value>Naplánovalo sa automatické reštartovanie s cieľom získania dôležitých aktualizácií</value>
    </string>
    <string id="847">
      <value>Ak chcete získať najnovšiu podporovanú verziu Windowsu, reštartujte teraz počítač. V opačnom prípade sa ho pokúsime reštartovať mimo vášho aktívneho času. Uistite sa, či máte zariadenie zapnuté a zapojené do napájania.</value>
    </string>
    <string id="851">
      <value>Vďaka tejto aktualizácii budete mať nainštalovanú podporovanú verziu Windowsu. Teraz reštartujte svoje zariadenie a ponechajte ho zapnuté a zapojené do siete. Prípadne to skúsime znova neskôr.</value>
    </string>
    <string id="855">
      <value>Je čas na reštartovanie, aby ste mali naďalej k dispozícii podporu</value>
    </string>
    <string id="856">
      <value>V naplánovanom čase sa nám nepodarilo vaše zariadenie reštartovať a získať tak jeho aktualizáciu. Možno bolo vypnuté, malo slabo nabitú batériu alebo sa používalo. Reštartujte ho teraz, aby ste mali k dispozícii aktuálny softvér.</value>
    </string>
    <string id="860">
      <value>Ak si chcete nainštalovať podporovanú verziu Windowsu, reštartujte teraz svoj počítač. V opačnom prípade to skúsime znova a pripomenieme vám to 15 minút pred spustením reštartovania. Ak chcete získať túto aktualizáciu, ponechajte svoje zariadenie zapnuté a zapojené do napájania.</value>
    </string>
    <string id="864">
      <value>Nainštaluje sa najnovšia podporovaná verzia Windowsu, ktorá vám pomôže mať počítač naďalej chránený. Ak chcete získať túto aktualizáciu, ponechajte svoje zariadenie zapnuté a zapojené do napájania.</value>
    </string>
  </dialogs>
  <settings>
    <string id="810">
      <value>Momentálne používate verziu Windowsu, pre ktorú končí podpora. Odporúča sa, aby ste vykonali aktualizáciu na najnovšiu verziu Windowsu 10 a získali tak najnovšie funkcie a vylepšenia zabezpečenia.</value>
    </string>
    <string id="812">
      <value>Ďalšie informácie</value>
    </string>
    <url id="813">
      <value>https://aka.ms/AA562qu</value>
    </url>
  </settings>
  <toasts>
    <string id="832">
      <value>Reštartovanie a aktualizácia s cieľom zachovania podpory</value>
    </string>
    <string id="833">
      <value>Podpora pre aktualizáciu Windowsu 10 z apríla 2018 sa skončí v novembri 2019. Ak si chcete nainštalovať podporovanú verziu Windowsu, reštartujte svoj počítač.</value>
    </string>
  </toasts>
</campaign>