﻿<xml xmlns:s="uuid:BDC6E3F0-6DA3-11d1-A2A3-00AA00C14882"
 xmlns:dt="uuid:C2F41010-65B3-11d1-A29F-00AA00C14882"
 xmlns:rs="urn:schemas-microsoft-com:rowset"
 xmlns:z="#RowsetSchema">
<s:Schema id="RowsetSchema">
<s:ElementType name="row" content="eltOnly" rs:updatable="true">
<s:AttributeType name="Cls" rs:number="0">
<s:datatype dt:type="string"/>
</s:AttributeType>
<s:AttributeType name="Sev" rs:number="1">
<s:datatype dt:type="int"/>
</s:AttributeType>
<s:AttributeType name="Maj" rs:number="2">
<s:datatype dt:type="string"/>
</s:AttributeType>
<s:AttributeType name="Min" rs:number="3">
<s:datatype dt:type="string"/>
</s:AttributeType>
<s:AttributeType name="LN" rs:number="4">
<s:datatype dt:type="int"/>
</s:AttributeType>
<s:AttributeType name="Fil" rs:number="5">
<s:datatype dt:type="string"/>
</s:AttributeType>
<s:AttributeType name="Fun" rs:number="6">
<s:datatype dt:type="string"/>
</s:AttributeType>
<s:AttributeType name="Uid" rs:number="7">
<s:datatype dt:type="int"/>
</s:AttributeType>
<s:AttributeType name="Msg" rs:number="8">
<s:datatype dt:type="string"/>
</s:AttributeType>
<s:AttributeType name="PID" rs:number="9">
<s:datatype dt:type="int"/>
</s:AttributeType>
<s:AttributeType name="TID" rs:number="10">
<s:datatype dt:type="int"/>
</s:AttributeType>
<s:AttributeType name="Con" rs:number="11">
<s:datatype dt:type="string"/>
</s:AttributeType>
<s:AttributeType name="Exe" rs:number="12">
<s:datatype dt:type="string"/>
</s:AttributeType>
<s:AttributeType name="Mod" rs:number="13">
<s:datatype dt:type="string"/>
</s:AttributeType>
<s:AttributeType name="Err" rs:number="14">
<s:datatype dt:type="int"/>
</s:AttributeType>
<s:AttributeType name="MD" rs:number="15">
<s:datatype dt:type="hexBinary"/>
</s:AttributeType>
<s:AttributeType name="DT" rs:number="16">
<s:datatype dt:type="dateTime"/>
</s:AttributeType>
</s:ElementType>
</s:Schema>
<rs:data>
</rs:data>
</xml>
<xml xmlns:s="uuid:BDC6E3F0-6DA3-11d1-A2A3-00AA00C14882"
 xmlns:dt="uuid:C2F41010-65B3-11d1-A29F-00AA00C14882"
 xmlns:rs="urn:schemas-microsoft-com:rowset"
 xmlns:z="#RowsetSchema">
<s:Schema id="RowsetSchema">
<s:ElementType name="row" content="eltOnly" rs:updatable="true">
<s:AttributeType name="Cls" rs:number="0">
<s:datatype dt:type="string"/>
</s:AttributeType>
<s:AttributeType name="Sev" rs:number="1">
<s:datatype dt:type="int"/>
</s:AttributeType>
<s:AttributeType name="Maj" rs:number="2">
<s:datatype dt:type="string"/>
</s:AttributeType>
<s:AttributeType name="Min" rs:number="3">
<s:datatype dt:type="string"/>
</s:AttributeType>
<s:AttributeType name="LN" rs:number="4">
<s:datatype dt:type="int"/>
</s:AttributeType>
<s:AttributeType name="Fil" rs:number="5">
<s:datatype dt:type="string"/>
</s:AttributeType>
<s:AttributeType name="Fun" rs:number="6">
<s:datatype dt:type="string"/>
</s:AttributeType>
<s:AttributeType name="Uid" rs:number="7">
<s:datatype dt:type="int"/>
</s:AttributeType>
<s:AttributeType name="Msg" rs:number="8">
<s:datatype dt:type="string"/>
</s:AttributeType>
<s:AttributeType name="PID" rs:number="9">
<s:datatype dt:type="int"/>
</s:AttributeType>
<s:AttributeType name="TID" rs:number="10">
<s:datatype dt:type="int"/>
</s:AttributeType>
<s:AttributeType name="Con" rs:number="11">
<s:datatype dt:type="string"/>
</s:AttributeType>
<s:AttributeType name="Exe" rs:number="12">
<s:datatype dt:type="string"/>
</s:AttributeType>
<s:AttributeType name="Mod" rs:number="13">
<s:datatype dt:type="string"/>
</s:AttributeType>
<s:AttributeType name="Err" rs:number="14">
<s:datatype dt:type="int"/>
</s:AttributeType>
<s:AttributeType name="MD" rs:number="15">
<s:datatype dt:type="hexBinary"/>
</s:AttributeType>
<s:AttributeType name="DT" rs:number="16">
<s:datatype dt:type="dateTime"/>
</s:AttributeType>
</s:ElementType>
</s:Schema>
<rs:data>
<z:row Cls="D" Sev="33554432" Maj="Def" Min="Def" LN="236" Fil="" Fun="PushButtonReset::Logging::TraceErr" Uid="33554432" Msg="0x80070003 in PushButtonReset::RegKey::HasValue (base\reset\util\src\registry.cpp:187): Failed to load subkey at [Microsoft\Windows\Signature]" PID="1392" TID="1396" Con="" Exe="X:\windows\system32\sysreset.exe" Mod="ResetEngine.dll" Err="2" MD="" DT="2019-08-24T20:50:20"/>
<z:row Cls="D" Sev="33554432" Maj="Def" Min="Def" LN="236" Fil="" Fun="PushButtonReset::Logging::TraceErr" Uid="33554432" Msg="0x80070003 in PbrGetRestoreToBaselineVal (base\reset\engine\scenario\src\sensetargetos.cpp:61): Does not find registry key of PushButtonReset" PID="1392" TID="1396" Con="" Exe="X:\windows\system32\sysreset.exe" Mod="ResetEngine.dll" Err="2" MD="" DT="2019-08-24T20:50:20"/>
<z:row Cls="D" Sev="33554432" Maj="Def" Min="Def" LN="236" Fil="" Fun="PushButtonReset::Logging::TraceErr" Uid="33554432" Msg="0x80070005 in PushButtonReset::Path::AreEqual (base\reset\util\src\filesystem.cpp:826): Failed to open [\\?\C:\hiberfil.sys] for read" PID="1392" TID="1396" Con="" Exe="X:\windows\system32\sysreset.exe" Mod="ResetEngine.dll" Err="5" MD="" DT="2019-08-24T20:51:55"/>
<z:row Cls="D" Sev="33554432" Maj="Def" Min="Def" LN="236" Fil="" Fun="PushButtonReset::Logging::TraceErr" Uid="33554432" Msg="0x80070005 in PushButtonReset::Path::IsSubpath (base\reset\util\src\filesystem.cpp:916): Failed to check whether [C:\hiberfil.sys] and [C:\autorun.inf] are the same path" PID="1392" TID="1396" Con="" Exe="X:\windows\system32\sysreset.exe" Mod="ResetEngine.dll" Err="5" MD="" DT="2019-08-24T20:51:55"/>
<z:row Cls="D" Sev="33554432" Maj="Def" Min="Def" LN="236" Fil="" Fun="PushButtonReset::Logging::TraceErr" Uid="33554432" Msg="0x80070005 in PushButtonReset::Path::AreEqual (base\reset\util\src\filesystem.cpp:826): Failed to open [\\?\C:\hiberfil.sys] for read" PID="1392" TID="1396" Con="" Exe="X:\windows\system32\sysreset.exe" Mod="ResetEngine.dll" Err="5" MD="" DT="2019-08-24T20:51:55"/>
<z:row Cls="D" Sev="33554432" Maj="Def" Min="Def" LN="236" Fil="" Fun="PushButtonReset::Logging::TraceErr" Uid="33554432" Msg="0x80070005 in PushButtonReset::Path::IsSubpath (base\reset\util\src\filesystem.cpp:916): Failed to check whether [C:\hiberfil.sys] and [C:\dell.sdr] are the same path" PID="1392" TID="1396" Con="" Exe="X:\windows\system32\sysreset.exe" Mod="ResetEngine.dll" Err="5" MD="" DT="2019-08-24T20:51:55"/>
<z:row Cls="D" Sev="33554432" Maj="Def" Min="Def" LN="236" Fil="" Fun="PushButtonReset::Logging::TraceErr" Uid="33554432" Msg="0x80070005 in PushButtonReset::Path::AreEqual (base\reset\util\src\filesystem.cpp:826): Failed to open [\\?\C:\hiberfil.sys] for read" PID="1392" TID="1396" Con="" Exe="X:\windows\system32\sysreset.exe" Mod="ResetEngine.dll" Err="5" MD="" DT="2019-08-24T20:51:55"/>
<z:row Cls="D" Sev="33554432" Maj="Def" Min="Def" LN="236" Fil="" Fun="PushButtonReset::Logging::TraceErr" Uid="33554432" Msg="0x80070005 in PushButtonReset::Path::IsSubpath (base\reset\util\src\filesystem.cpp:916): Failed to check whether [C:\hiberfil.sys] and [C:\f.exe] are the same path" PID="1392" TID="1396" Con="" Exe="X:\windows\system32\sysreset.exe" Mod="ResetEngine.dll" Err="5" MD="" DT="2019-08-24T20:51:55"/>
<z:row Cls="D" Sev="33554432" Maj="Def" Min="Def" LN="236" Fil="" Fun="PushButtonReset::Logging::TraceErr" Uid="33554432" Msg="0x80070005 in PushButtonReset::Path::AreEqual (base\reset\util\src\filesystem.cpp:826): Failed to open [\\?\C:\hiberfil.sys] for read" PID="1392" TID="1396" Con="" Exe="X:\windows\system32\sysreset.exe" Mod="ResetEngine.dll" Err="5" MD="" DT="2019-08-24T20:51:55"/>
<z:row Cls="D" Sev="33554432" Maj="Def" Min="Def" LN="236" Fil="" Fun="PushButtonReset::Logging::TraceErr" Uid="33554432" Msg="0x80070005 in PushButtonReset::Path::IsSubpath (base\reset\util\src\filesystem.cpp:916): Failed to check whether [C:\hiberfil.sys] and [C:\pagefile.sys] are the same path" PID="1392" TID="1396" Con="" Exe="X:\windows\system32\sysreset.exe" Mod="ResetEngine.dll" Err="5" MD="" DT="2019-08-24T20:51:55"/>
<z:row Cls="D" Sev="33554432" Maj="Def" Min="Def" LN="236" Fil="" Fun="PushButtonReset::Logging::TraceErr" Uid="33554432" Msg="0x80070005 in PushButtonReset::Path::AreEqual (base\reset\util\src\filesystem.cpp:826): Failed to open [\\?\C:\hiberfil.sys] for read" PID="1392" TID="1396" Con="" Exe="X:\windows\system32\sysreset.exe" Mod="ResetEngine.dll" Err="5" MD="" DT="2019-08-24T20:51:55"/>
<z:row Cls="D" Sev="33554432" Maj="Def" Min="Def" LN="236" Fil="" Fun="PushButtonReset::Logging::TraceErr" Uid="33554432" Msg="0x80070005 in PushButtonReset::Path::IsSubpath (base\reset\util\src\filesystem.cpp:916): Failed to check whether [C:\hiberfil.sys] and [C:\swapfile.sys] are the same path" PID="1392" TID="1396" Con="" Exe="X:\windows\system32\sysreset.exe" Mod="ResetEngine.dll" Err="5" MD="" DT="2019-08-24T20:51:55"/>
<z:row Cls="D" Sev="33554432" Maj="Def" Min="Def" LN="470" Fil="" Fun="UnattendLogWV" Uid="33554432" Msg="[sysreset.exe]  (WinRE)WinReIsInstalledOnSystemPartitionInternal() Invalid parameters" PID="1392" TID="1396" Con="" Exe="X:\windows\system32\sysreset.exe" Mod="ReAgent.dll" Err="0" MD="" DT="2019-08-24T20:51:58"/>
<z:row Cls="D" Sev="33554432" Maj="Def" Min="Def" LN="0" Fil="" Fun="" Uid="98304" Msg="00008ec4 (F) Error: Overlap: Registry override collision found under key \REGISTRY\MACHINE\SYSTEM\CurrentControlSet\Control\WMI\Autologger\WiFiSession\ for value FileName at overridable scope 1.
" PID="1392" TID="1396" Con="" Exe="X:\windows\system32\sysreset.exe" Mod="" Err="-2147467259" MD="" DT="2019-08-24T20:55:01"/>
<z:row Cls="D" Sev="33554432" Maj="Def" Min="Def" LN="0" Fil="" Fun="" Uid="98304" Msg="00008ec5 (F)    One of the components setting this value is Microsoft-Windows-OneCoreUAP-Wlansvc, version 10.0.17134.1, arch amd64, nonSxS, pkt {l:8 b:31bf3856ad364e35}
" PID="1392" TID="1396" Con="" Exe="X:\windows\system32\sysreset.exe" Mod="" Err="-2147467259" MD="" DT="2019-08-24T20:55:01"/>
<z:row Cls="D" Sev="33554432" Maj="Def" Min="Def" LN="0" Fil="" Fun="" Uid="98304" Msg="00008ec6 (F)    Previously seen component setting this value is Microsoft-Windows-OneCoreUAP-Wlansvc, version 10.0.17134.1, arch Host= amd64 Guest= x86, nonSxS, pkt {l:8 b:31bf3856ad364e35}
" PID="1392" TID="1396" Con="" Exe="X:\windows\system32\sysreset.exe" Mod="" Err="-2147467259" MD="" DT="2019-08-24T20:55:01"/>
<z:row Cls="D" Sev="33554432" Maj="Def" Min="Def" LN="0" Fil="" Fun="" Uid="98304" Msg="00004857 (F) Error: Overlap: Registry override collision found under key \REGISTRY\MACHINE\SYSTEM\CurrentControlSet\Control\WMI\Autologger\WiFiSession\ for value FileName at overridable scope 1.
" PID="1392" TID="1396" Con="" Exe="X:\windows\system32\sysreset.exe" Mod="" Err="-2147467259" MD="" DT="2019-08-24T21:03:02"/>
<z:row Cls="D" Sev="33554432" Maj="Def" Min="Def" LN="0" Fil="" Fun="" Uid="98304" Msg="00004858 (F)    One of the components setting this value is Microsoft-Windows-OneCoreUAP-Wlansvc, version 10.0.17134.885, arch amd64, nonSxS, pkt {l:8 b:31bf3856ad364e35}
" PID="1392" TID="1396" Con="" Exe="X:\windows\system32\sysreset.exe" Mod="" Err="-2147467259" MD="" DT="2019-08-24T21:03:02"/>
<z:row Cls="D" Sev="33554432" Maj="Def" Min="Def" LN="0" Fil="" Fun="" Uid="98304" Msg="00004859 (F)    Previously seen component setting this value is Microsoft-Windows-OneCoreUAP-Wlansvc, version 10.0.17134.885, arch Host= amd64 Guest= x86, nonSxS, pkt {l:8 b:31bf3856ad364e35}
" PID="1392" TID="1396" Con="" Exe="X:\windows\system32\sysreset.exe" Mod="" Err="-2147467259" MD="" DT="2019-08-24T21:03:02"/>
<z:row Cls="D" Sev="33554432" Maj="Def" Min="Def" LN="1222" Fil="" Fun="CFinalizeCriticalBoundary::DoExecute" Uid="34373632" Msg="CFinalizeCriticalBoundary::DoExecute: Rollback in system context will not be registered." PID="1392" TID="1396" Con="" Exe="X:\windows\system32\sysreset.exe" Mod="SetupPlatform.dll" Err="2" MD="" DT="2019-08-24T21:06:28"/>
<z:row Cls="D" Sev="33554432" Maj="Def" Min="Def" LN="236" Fil="" Fun="PushButtonReset::Logging::TraceErr" Uid="33554432" Msg="0x80070005 in PushButtonReset::File::Delete (base\reset\util\src\filesystem.cpp:3260): Failed to delete [\\?\C:\Windows.old\WINDOWS\WinSxS\amd64_microsoft-windows-servicingstack_31bf3856ad364e35_10.0.17134.1_none_eedfeda03074e04e\msdelta.dll]" PID="1392" TID="1396" Con="" Exe="X:\windows\system32\sysreset.exe" Mod="ResetEngine.dll" Err="5" MD="" DT="2019-08-24T21:08:46"/>
<z:row Cls="D" Sev="33554432" Maj="Def" Min="Def" LN="236" Fil="" Fun="PushButtonReset::Logging::TraceErr" Uid="33554432" Msg="0x80070005 in PushButtonReset::File::Delete (base\reset\util\src\filesystem.cpp:3260): Failed to delete [\\?\C:\Windows.old\WINDOWS\WinSxS\amd64_microsoft-windows-servicingstack_31bf3856ad364e35_10.0.17134.400_none_eb2ff40c1d41442d\msdelta.dll]" PID="1392" TID="1396" Con="" Exe="X:\windows\system32\sysreset.exe" Mod="ResetEngine.dll" Err="5" MD="" DT="2019-08-24T21:08:46"/>
<z:row Cls="D" Sev="33554432" Maj="Def" Min="Def" LN="236" Fil="" Fun="PushButtonReset::Logging::TraceErr" Uid="33554432" Msg="0x80070005 in PushButtonReset::File::Delete (base\reset\util\src\filesystem.cpp:3260): Failed to delete [\\?\C:\Windows.old\WINDOWS\WinSxS\amd64_microsoft-windows-servicingstack_31bf3856ad364e35_10.0.17134.580_none_ead976921d8220dc\drupdate.dll]" PID="1392" TID="1396" Con="" Exe="X:\windows\system32\sysreset.exe" Mod="ResetEngine.dll" Err="5" MD="" DT="2019-08-24T21:08:46"/>
<z:row Cls="D" Sev="33554432" Maj="Def" Min="Def" LN="236" Fil="" Fun="PushButtonReset::Logging::TraceErr" Uid="33554432" Msg="0x80070005 in PushButtonReset::File::Delete (base\reset\util\src\filesystem.cpp:3260): Failed to delete [\\?\C:\Windows.old\WINDOWS\WinSxS\amd64_microsoft-windows-servicingstack_31bf3856ad364e35_10.0.17134.580_none_ead976921d8220dc\drvstore.dll]" PID="1392" TID="1396" Con="" Exe="X:\windows\system32\sysreset.exe" Mod="ResetEngine.dll" Err="5" MD="" DT="2019-08-24T21:08:46"/>
<z:row Cls="D" Sev="33554432" Maj="Def" Min="Def" LN="236" Fil="" Fun="PushButtonReset::Logging::TraceErr" Uid="33554432" Msg="0x80070005 in PushButtonReset::File::Delete (base\reset\util\src\filesystem.cpp:3260): Failed to delete [\\?\C:\Windows.old\WINDOWS\WinSxS\amd64_microsoft-windows-servicingstack_31bf3856ad364e35_10.0.17134.580_none_ead976921d8220dc\msdelta.dll]" PID="1392" TID="1396" Con="" Exe="X:\windows\system32\sysreset.exe" Mod="ResetEngine.dll" Err="5" MD="" DT="2019-08-24T21:08:46"/>
<z:row Cls="D" Sev="33554432" Maj="Def" Min="Def" LN="236" Fil="" Fun="PushButtonReset::Logging::TraceErr" Uid="33554432" Msg="0x80070005 in PushButtonReset::File::Delete (base\reset\util\src\filesystem.cpp:3260): Failed to delete [\\?\C:\Windows.old\WINDOWS\WinSxS\amd64_microsoft-windows-servicingstack_31bf3856ad364e35_10.0.17134.760_none_eaef1a361d71e348\drupdate.dll]" PID="1392" TID="1396" Con="" Exe="X:\windows\system32\sysreset.exe" Mod="ResetEngine.dll" Err="5" MD="" DT="2019-08-24T21:08:46"/>
<z:row Cls="D" Sev="33554432" Maj="Def" Min="Def" LN="236" Fil="" Fun="PushButtonReset::Logging::TraceErr" Uid="33554432" Msg="0x80070005 in PushButtonReset::File::Delete (base\reset\util\src\filesystem.cpp:3260): Failed to delete [\\?\C:\Windows.old\WINDOWS\WinSxS\amd64_microsoft-windows-servicingstack_31bf3856ad364e35_10.0.17134.760_none_eaef1a361d71e348\drvstore.dll]" PID="1392" TID="1396" Con="" Exe="X:\windows\system32\sysreset.exe" Mod="ResetEngine.dll" Err="5" MD="" DT="2019-08-24T21:08:46"/>
<z:row Cls="D" Sev="33554432" Maj="Def" Min="Def" LN="236" Fil="" Fun="PushButtonReset::Logging::TraceErr" Uid="33554432" Msg="0x80070005 in PushButtonReset::File::Delete (base\reset\util\src\filesystem.cpp:3260): Failed to delete [\\?\C:\Windows.old\WINDOWS\WinSxS\amd64_microsoft-windows-servicingstack_31bf3856ad364e35_10.0.17134.760_none_eaef1a361d71e348\msdelta.dll]" PID="1392" TID="1396" Con="" Exe="X:\windows\system32\sysreset.exe" Mod="ResetEngine.dll" Err="5" MD="" DT="2019-08-24T21:08:46"/>
<z:row Cls="D" Sev="33554432" Maj="Def" Min="Def" LN="236" Fil="" Fun="PushButtonReset::Logging::TraceErr" Uid="33554432" Msg="0x80070005 in PushButtonReset::File::Delete (base\reset\util\src\filesystem.cpp:3260): Failed to delete [\\?\C:\Windows.old\WINDOWS\WinSxS\amd64_microsoft-windows-servicingstack_31bf3856ad364e35_10.0.17134.881_none_eada7c8e1d8131a8\drupdate.dll]" PID="1392" TID="1396" Con="" Exe="X:\windows\system32\sysreset.exe" Mod="ResetEngine.dll" Err="5" MD="" DT="2019-08-24T21:08:46"/>
<z:row Cls="D" Sev="33554432" Maj="Def" Min="Def" LN="236" Fil="" Fun="PushButtonReset::Logging::TraceErr" Uid="33554432" Msg="0x80070005 in PushButtonReset::File::Delete (base\reset\util\src\filesystem.cpp:3260): Failed to delete [\\?\C:\Windows.old\WINDOWS\WinSxS\amd64_microsoft-windows-servicingstack_31bf3856ad364e35_10.0.17134.881_none_eada7c8e1d8131a8\drvstore.dll]" PID="1392" TID="1396" Con="" Exe="X:\windows\system32\sysreset.exe" Mod="ResetEngine.dll" Err="5" MD="" DT="2019-08-24T21:08:46"/>
<z:row Cls="D" Sev="33554432" Maj="Def" Min="Def" LN="236" Fil="" Fun="PushButtonReset::Logging::TraceErr" Uid="33554432" Msg="0x80070005 in PushButtonReset::File::Delete (base\reset\util\src\filesystem.cpp:3260): Failed to delete [\\?\C:\Windows.old\WINDOWS\WinSxS\amd64_microsoft-windows-servicingstack_31bf3856ad364e35_10.0.17134.881_none_eada7c8e1d8131a8\msdelta.dll]" PID="1392" TID="1396" Con="" Exe="X:\windows\system32\sysreset.exe" Mod="ResetEngine.dll" Err="5" MD="" DT="2019-08-24T21:08:46"/>
<z:row Cls="D" Sev="33554432" Maj="Def" Min="Def" LN="215" Fil="" Fun="DoTraceMessage" Uid="33554432" Msg="CopyFile(X:\SysResetTrace-Tel-Merge.etl, C:\$WINDOWS.~BT\Sources\Panther\SysResetTrace-Tel-Merge.etl) failed. Error: 0x00000003" PID="1392" TID="1396" Con="" Exe="X:\windows\system32\sysreset.exe" Mod="" Err="0" MD="" DT="2019-08-25T00:12:20"/>
</rs:data>
</xml>
<xml xmlns:s="uuid:BDC6E3F0-6DA3-11d1-A2A3-00AA00C14882"
 xmlns:dt="uuid:C2F41010-65B3-11d1-A29F-00AA00C14882"
 xmlns:rs="urn:schemas-microsoft-com:rowset"
 xmlns:z="#RowsetSchema">
<s:Schema id="RowsetSchema">
<s:ElementType name="row" content="eltOnly" rs:updatable="true">
<s:AttributeType name="Cls" rs:number="0">
<s:datatype dt:type="string"/>
</s:AttributeType>
<s:AttributeType name="Sev" rs:number="1">
<s:datatype dt:type="int"/>
</s:AttributeType>
<s:AttributeType name="Maj" rs:number="2">
<s:datatype dt:type="string"/>
</s:AttributeType>
<s:AttributeType name="Min" rs:number="3">
<s:datatype dt:type="string"/>
</s:AttributeType>
<s:AttributeType name="LN" rs:number="4">
<s:datatype dt:type="int"/>
</s:AttributeType>
<s:AttributeType name="Fil" rs:number="5">
<s:datatype dt:type="string"/>
</s:AttributeType>
<s:AttributeType name="Fun" rs:number="6">
<s:datatype dt:type="string"/>
</s:AttributeType>
<s:AttributeType name="Uid" rs:number="7">
<s:datatype dt:type="int"/>
</s:AttributeType>
<s:AttributeType name="Msg" rs:number="8">
<s:datatype dt:type="string"/>
</s:AttributeType>
<s:AttributeType name="PID" rs:number="9">
<s:datatype dt:type="int"/>
</s:AttributeType>
<s:AttributeType name="TID" rs:number="10">
<s:datatype dt:type="int"/>
</s:AttributeType>
<s:AttributeType name="Con" rs:number="11">
<s:datatype dt:type="string"/>
</s:AttributeType>
<s:AttributeType name="Exe" rs:number="12">
<s:datatype dt:type="string"/>
</s:AttributeType>
<s:AttributeType name="Mod" rs:number="13">
<s:datatype dt:type="string"/>
</s:AttributeType>
<s:AttributeType name="Err" rs:number="14">
<s:datatype dt:type="int"/>
</s:AttributeType>
<s:AttributeType name="MD" rs:number="15">
<s:datatype dt:type="hexBinary"/>
</s:AttributeType>
<s:AttributeType name="DT" rs:number="16">
<s:datatype dt:type="dateTime"/>
</s:AttributeType>
</s:ElementType>
</s:Schema>
<rs:data>
</rs:data>
</xml>
<xml xmlns:s="uuid:BDC6E3F0-6DA3-11d1-A2A3-00AA00C14882"
 xmlns:dt="uuid:C2F41010-65B3-11d1-A29F-00AA00C14882"
 xmlns:rs="urn:schemas-microsoft-com:rowset"
 xmlns:z="#RowsetSchema">
<s:Schema id="RowsetSchema">
<s:ElementType name="row" content="eltOnly" rs:updatable="true">
<s:AttributeType name="Cls" rs:number="0">
<s:datatype dt:type="string"/>
</s:AttributeType>
<s:AttributeType name="Sev" rs:number="1">
<s:datatype dt:type="int"/>
</s:AttributeType>
<s:AttributeType name="Maj" rs:number="2">
<s:datatype dt:type="string"/>
</s:AttributeType>
<s:AttributeType name="Min" rs:number="3">
<s:datatype dt:type="string"/>
</s:AttributeType>
<s:AttributeType name="LN" rs:number="4">
<s:datatype dt:type="int"/>
</s:AttributeType>
<s:AttributeType name="Fil" rs:number="5">
<s:datatype dt:type="string"/>
</s:AttributeType>
<s:AttributeType name="Fun" rs:number="6">
<s:datatype dt:type="string"/>
</s:AttributeType>
<s:AttributeType name="Uid" rs:number="7">
<s:datatype dt:type="int"/>
</s:AttributeType>
<s:AttributeType name="Msg" rs:number="8">
<s:datatype dt:type="string"/>
</s:AttributeType>
<s:AttributeType name="PID" rs:number="9">
<s:datatype dt:type="int"/>
</s:AttributeType>
<s:AttributeType name="TID" rs:number="10">
<s:datatype dt:type="int"/>
</s:AttributeType>
<s:AttributeType name="Con" rs:number="11">
<s:datatype dt:type="string"/>
</s:AttributeType>
<s:AttributeType name="Exe" rs:number="12">
<s:datatype dt:type="string"/>
</s:AttributeType>
<s:AttributeType name="Mod" rs:number="13">
<s:datatype dt:type="string"/>
</s:AttributeType>
<s:AttributeType name="Err" rs:number="14">
<s:datatype dt:type="int"/>
</s:AttributeType>
<s:AttributeType name="MD" rs:number="15">
<s:datatype dt:type="hexBinary"/>
</s:AttributeType>
<s:AttributeType name="DT" rs:number="16">
<s:datatype dt:type="dateTime"/>
</s:AttributeType>
</s:ElementType>
</s:Schema>
<rs:data>
</rs:data>
</xml>
