﻿<xml xmlns:s="uuid:BDC6E3F0-6DA3-11d1-A2A3-00AA00C14882"
 xmlns:dt="uuid:C2F41010-65B3-11d1-A29F-00AA00C14882"
 xmlns:rs="urn:schemas-microsoft-com:rowset"
 xmlns:z="#RowsetSchema">
<s:Schema id="RowsetSchema">
<s:ElementType name="row" content="eltOnly" rs:updatable="true">
<s:AttributeType name="Cls" rs:number="0">
<s:datatype dt:type="string"/>
</s:AttributeType>
<s:AttributeType name="Sev" rs:number="1">
<s:datatype dt:type="int"/>
</s:AttributeType>
<s:AttributeType name="Maj" rs:number="2">
<s:datatype dt:type="string"/>
</s:AttributeType>
<s:AttributeType name="Min" rs:number="3">
<s:datatype dt:type="string"/>
</s:AttributeType>
<s:AttributeType name="LN" rs:number="4">
<s:datatype dt:type="int"/>
</s:AttributeType>
<s:AttributeType name="Fil" rs:number="5">
<s:datatype dt:type="string"/>
</s:AttributeType>
<s:AttributeType name="Fun" rs:number="6">
<s:datatype dt:type="string"/>
</s:AttributeType>
<s:AttributeType name="Uid" rs:number="7">
<s:datatype dt:type="int"/>
</s:AttributeType>
<s:AttributeType name="Msg" rs:number="8">
<s:datatype dt:type="string"/>
</s:AttributeType>
<s:AttributeType name="PID" rs:number="9">
<s:datatype dt:type="int"/>
</s:AttributeType>
<s:AttributeType name="TID" rs:number="10">
<s:datatype dt:type="int"/>
</s:AttributeType>
<s:AttributeType name="Con" rs:number="11">
<s:datatype dt:type="string"/>
</s:AttributeType>
<s:AttributeType name="Exe" rs:number="12">
<s:datatype dt:type="string"/>
</s:AttributeType>
<s:AttributeType name="Mod" rs:number="13">
<s:datatype dt:type="string"/>
</s:AttributeType>
<s:AttributeType name="Err" rs:number="14">
<s:datatype dt:type="int"/>
</s:AttributeType>
<s:AttributeType name="MD" rs:number="15">
<s:datatype dt:type="hexBinary"/>
</s:AttributeType>
<s:AttributeType name="DT" rs:number="16">
<s:datatype dt:type="dateTime"/>
</s:AttributeType>
</s:ElementType>
</s:Schema>
<rs:data>
</rs:data>
</xml>
<xml xmlns:s="uuid:BDC6E3F0-6DA3-11d1-A2A3-00AA00C14882"
 xmlns:dt="uuid:C2F41010-65B3-11d1-A29F-00AA00C14882"
 xmlns:rs="urn:schemas-microsoft-com:rowset"
 xmlns:z="#RowsetSchema">
<s:Schema id="RowsetSchema">
<s:ElementType name="row" content="eltOnly" rs:updatable="true">
<s:AttributeType name="Cls" rs:number="0">
<s:datatype dt:type="string"/>
</s:AttributeType>
<s:AttributeType name="Sev" rs:number="1">
<s:datatype dt:type="int"/>
</s:AttributeType>
<s:AttributeType name="Maj" rs:number="2">
<s:datatype dt:type="string"/>
</s:AttributeType>
<s:AttributeType name="Min" rs:number="3">
<s:datatype dt:type="string"/>
</s:AttributeType>
<s:AttributeType name="LN" rs:number="4">
<s:datatype dt:type="int"/>
</s:AttributeType>
<s:AttributeType name="Fil" rs:number="5">
<s:datatype dt:type="string"/>
</s:AttributeType>
<s:AttributeType name="Fun" rs:number="6">
<s:datatype dt:type="string"/>
</s:AttributeType>
<s:AttributeType name="Uid" rs:number="7">
<s:datatype dt:type="int"/>
</s:AttributeType>
<s:AttributeType name="Msg" rs:number="8">
<s:datatype dt:type="string"/>
</s:AttributeType>
<s:AttributeType name="PID" rs:number="9">
<s:datatype dt:type="int"/>
</s:AttributeType>
<s:AttributeType name="TID" rs:number="10">
<s:datatype dt:type="int"/>
</s:AttributeType>
<s:AttributeType name="Con" rs:number="11">
<s:datatype dt:type="string"/>
</s:AttributeType>
<s:AttributeType name="Exe" rs:number="12">
<s:datatype dt:type="string"/>
</s:AttributeType>
<s:AttributeType name="Mod" rs:number="13">
<s:datatype dt:type="string"/>
</s:AttributeType>
<s:AttributeType name="Err" rs:number="14">
<s:datatype dt:type="int"/>
</s:AttributeType>
<s:AttributeType name="MD" rs:number="15">
<s:datatype dt:type="hexBinary"/>
</s:AttributeType>
<s:AttributeType name="DT" rs:number="16">
<s:datatype dt:type="dateTime"/>
</s:AttributeType>
</s:ElementType>
</s:Schema>
<rs:data>
<z:row Cls="D" Sev="50331648" Maj="Def" Min="Def" LN="236" Fil="" Fun="PushButtonReset::Logging::TraceErr" Uid="50331648" Msg="0x80070002 in PbrGetOSMetadata (base\reset\engine\scenario\src\sensetargetos.cpp:356): Failed to read Compact value from target OS, assuming not compact" PID="1392" TID="1396" Con="" Exe="X:\windows\system32\sysreset.exe" Mod="ResetEngine.dll" Err="0" MD="" DT="2019-08-24T20:50:20"/>
<z:row Cls="D" Sev="50331648" Maj="Def" Min="Def" LN="236" Fil="" Fun="PushButtonReset::Logging::TraceErr" Uid="50331648" Msg="0x80070001 in PushButtonReset::WofOverlay::EnumOverlays (base\reset\util\src\wofoverlay.cpp:64): WofEnumEntries failed, assuming no overlays on volume [\\?\Volume{ba8b5318-6406-4eb2-938c-17f0b623a7c5}]" PID="1392" TID="1396" Con="" Exe="X:\windows\system32\sysreset.exe" Mod="ResetEngine.dll" Err="1" MD="" DT="2019-08-24T20:50:20"/>
<z:row Cls="D" Sev="50331648" Maj="Def" Min="Def" LN="130" Fil="" Fun="IsNarratorRunning" Uid="50331648" Msg="IsNarratorRunning: Error finding window NarratorUIClass; HR = 0x80070002" PID="1392" TID="1396" Con="" Exe="X:\windows\system32\sysreset.exe" Mod="ResetEngine.dll" Err="2" MD="" DT="2019-08-24T20:50:20"/>
<z:row Cls="D" Sev="50331648" Maj="Def" Min="Def" LN="236" Fil="" Fun="PushButtonReset::Logging::TraceErr" Uid="50331648" Msg="0x80070002 in PbrSenseNarrator (base\reset\engine\scenario\src\sensemisc.cpp:318): Failed to query whether narrator is running" PID="1392" TID="1396" Con="" Exe="X:\windows\system32\sysreset.exe" Mod="ResetEngine.dll" Err="2" MD="" DT="2019-08-24T20:50:20"/>
<z:row Cls="D" Sev="50331648" Maj="Def" Min="Def" LN="236" Fil="" Fun="PushButtonReset::Logging::TraceErr" Uid="50331648" Msg="0x80070490 in PushButtonReset::TestFlag::Get (base\reset\engine\session\src\testflag.cpp:50): Test flag not set: [FormatExclude]" PID="1392" TID="1396" Con="" Exe="X:\windows\system32\sysreset.exe" Mod="ResetEngine.dll" Err="234" MD="" DT="2019-08-24T20:50:21"/>
<z:row Cls="D" Sev="50331648" Maj="Def" Min="Def" LN="7636" Fil="" Fun="pGetAntiVirusInfo" Uid="51150848" Msg="Failed to connect securitycenter2" PID="1392" TID="1396" Con="" Exe="X:\windows\system32\sysreset.exe" Mod="SetupPlatform.dll" Err="0" MD="" DT="2019-08-24T20:50:21"/>
<z:row Cls="D" Sev="50331648" Maj="Def" Min="Def" LN="74" Fil="" Fun="CSetupOneSetting::InitializeAndQuery" Uid="50331648" Msg="Onesettings: Failed to AddParameterDeviceId: 0x80070057" PID="1392" TID="1396" Con="" Exe="X:\windows\system32\sysreset.exe" Mod="SetupPlatform.dll" Err="2" MD="" DT="2019-08-24T20:50:21"/>
<z:row Cls="D" Sev="50331648" Maj="Def" Min="Def" LN="389" Fil="" Fun="CSetupPlatformTracing::ReadTracingOneSettings" Uid="50331648" Msg="Failed to query onesettings, 0x80070057" PID="1392" TID="1396" Con="" Exe="X:\windows\system32\sysreset.exe" Mod="SetupPlatform.dll" Err="2" MD="" DT="2019-08-24T20:50:21"/>
<z:row Cls="D" Sev="50331648" Maj="Def" Min="Def" LN="509" Fil="" Fun="CSetupPlatformTracing::Initialize" Uid="50331648" Msg="No onesetting configured or error getting onesetting" PID="1392" TID="1396" Con="" Exe="X:\windows\system32\sysreset.exe" Mod="SetupPlatform.dll" Err="2" MD="" DT="2019-08-24T20:50:21"/>
<z:row Cls="D" Sev="50331648" Maj="Def" Min="Def" LN="10977" Fil="" Fun="CSetupPlatform::Initialize" Uid="51150848" Msg="CSetupPlatform::Initialize: Failed to initialize tracing" PID="1392" TID="1396" Con="" Exe="X:\windows\system32\sysreset.exe" Mod="SetupPlatform.dll" Err="203" MD="" DT="2019-08-24T20:50:21"/>
<z:row Cls="D" Sev="50331648" Maj="Def" Min="Def" LN="470" Fil="" Fun="UnattendLogWV" Uid="50331648" Msg="[sysreset.exe] RegOpenKeyEx(GP) failed: 0x2" PID="1392" TID="1396" Con="" Exe="X:\windows\system32\sysreset.exe" Mod="ReAgent.dll" Err="0" MD="" DT="2019-08-24T20:51:55"/>
<z:row Cls="D" Sev="50331648" Maj="Def" Min="Def" LN="470" Fil="" Fun="UnattendLogWV" Uid="50331648" Msg="[sysreset.exe] WinReGetGroupPolicies failed with error code 0x2" PID="1392" TID="1396" Con="" Exe="X:\windows\system32\sysreset.exe" Mod="ReAgent.dll" Err="0" MD="" DT="2019-08-24T20:51:55"/>
<z:row Cls="D" Sev="50331648" Maj="Def" Min="Def" LN="470" Fil="" Fun="UnattendLogWV" Uid="50331648" Msg="[sysreset.exe] NOTE: overwrite error code 0x2 because it is not critical" PID="1392" TID="1396" Con="" Exe="X:\windows\system32\sysreset.exe" Mod="ReAgent.dll" Err="0" MD="" DT="2019-08-24T20:51:55"/>
<z:row Cls="D" Sev="50331648" Maj="Def" Min="Def" LN="236" Fil="" Fun="PushButtonReset::Logging::TraceErr" Uid="50331648" Msg="0x80070005 in PushButtonReset::Directory::EnumExcept (base\reset\util\src\filesystem.cpp:1997): Failed to check whether [C:\hiberfil.sys] is a child path of [C:\autorun.inf], assuming no" PID="1392" TID="1396" Con="" Exe="X:\windows\system32\sysreset.exe" Mod="ResetEngine.dll" Err="5" MD="" DT="2019-08-24T20:51:55"/>
<z:row Cls="D" Sev="50331648" Maj="Def" Min="Def" LN="236" Fil="" Fun="PushButtonReset::Logging::TraceErr" Uid="50331648" Msg="0x80070005 in PushButtonReset::Directory::EnumExcept (base\reset\util\src\filesystem.cpp:1997): Failed to check whether [C:\hiberfil.sys] is a child path of [C:\dell.sdr], assuming no" PID="1392" TID="1396" Con="" Exe="X:\windows\system32\sysreset.exe" Mod="ResetEngine.dll" Err="5" MD="" DT="2019-08-24T20:51:55"/>
<z:row Cls="D" Sev="50331648" Maj="Def" Min="Def" LN="236" Fil="" Fun="PushButtonReset::Logging::TraceErr" Uid="50331648" Msg="0x80070005 in PushButtonReset::Directory::EnumExcept (base\reset\util\src\filesystem.cpp:1997): Failed to check whether [C:\hiberfil.sys] is a child path of [C:\f.exe], assuming no" PID="1392" TID="1396" Con="" Exe="X:\windows\system32\sysreset.exe" Mod="ResetEngine.dll" Err="5" MD="" DT="2019-08-24T20:51:55"/>
<z:row Cls="D" Sev="50331648" Maj="Def" Min="Def" LN="236" Fil="" Fun="PushButtonReset::Logging::TraceErr" Uid="50331648" Msg="0x80070005 in PushButtonReset::Directory::EnumExcept (base\reset\util\src\filesystem.cpp:1997): Failed to check whether [C:\hiberfil.sys] is a child path of [C:\pagefile.sys], assuming no" PID="1392" TID="1396" Con="" Exe="X:\windows\system32\sysreset.exe" Mod="ResetEngine.dll" Err="5" MD="" DT="2019-08-24T20:51:55"/>
<z:row Cls="D" Sev="50331648" Maj="Def" Min="Def" LN="236" Fil="" Fun="PushButtonReset::Logging::TraceErr" Uid="50331648" Msg="0x80070005 in PushButtonReset::Directory::EnumExcept (base\reset\util\src\filesystem.cpp:1997): Failed to check whether [C:\hiberfil.sys] is a child path of [C:\swapfile.sys], assuming no" PID="1392" TID="1396" Con="" Exe="X:\windows\system32\sysreset.exe" Mod="ResetEngine.dll" Err="5" MD="" DT="2019-08-24T20:51:55"/>
<z:row Cls="D" Sev="50331648" Maj="Def" Min="Def" LN="169" Fil="" Fun="PushButtonReset::Logging::Trace" Uid="50331648" Msg="Operation [Archive user data files] ([ArchiveUserData]) consumed more disk space than expected" PID="1392" TID="1396" Con="" Exe="X:\windows\system32\sysreset.exe" Mod="ResetEngine.dll" Err="2" MD="" DT="2019-08-24T20:51:55"/>
<z:row Cls="D" Sev="50331648" Maj="Def" Min="Def" LN="169" Fil="" Fun="PushButtonReset::Logging::Trace" Uid="50331648" Msg="-&gt; Expected to use [0] bytes, leaving [891527786496] bytes free" PID="1392" TID="1396" Con="" Exe="X:\windows\system32\sysreset.exe" Mod="ResetEngine.dll" Err="2" MD="" DT="2019-08-24T20:51:55"/>
<z:row Cls="D" Sev="50331648" Maj="Def" Min="Def" LN="169" Fil="" Fun="PushButtonReset::Logging::Trace" Uid="50331648" Msg="-&gt; Actually used [20480] bytes, leaving [891527766016] bytes free" PID="1392" TID="1396" Con="" Exe="X:\windows\system32\sysreset.exe" Mod="ResetEngine.dll" Err="2" MD="" DT="2019-08-24T20:51:55"/>
<z:row Cls="D" Sev="50331648" Maj="Def" Min="Def" LN="7636" Fil="" Fun="pGetAntiVirusInfo" Uid="51150848" Msg="Failed to connect securitycenter2" PID="1392" TID="1396" Con="" Exe="X:\windows\system32\sysreset.exe" Mod="SetupPlatform.dll" Err="0" MD="" DT="2019-08-24T20:51:56"/>
<z:row Cls="D" Sev="50331648" Maj="Def" Min="Def" LN="74" Fil="" Fun="CSetupOneSetting::InitializeAndQuery" Uid="50331648" Msg="Onesettings: Failed to AddParameterDeviceId: 0x80070057" PID="1392" TID="1396" Con="" Exe="X:\windows\system32\sysreset.exe" Mod="SetupPlatform.dll" Err="2" MD="" DT="2019-08-24T20:51:56"/>
<z:row Cls="D" Sev="50331648" Maj="Def" Min="Def" LN="389" Fil="" Fun="CSetupPlatformTracing::ReadTracingOneSettings" Uid="50331648" Msg="Failed to query onesettings, 0x80070057" PID="1392" TID="1396" Con="" Exe="X:\windows\system32\sysreset.exe" Mod="SetupPlatform.dll" Err="2" MD="" DT="2019-08-24T20:51:56"/>
<z:row Cls="D" Sev="50331648" Maj="Def" Min="Def" LN="509" Fil="" Fun="CSetupPlatformTracing::Initialize" Uid="50331648" Msg="No onesetting configured or error getting onesetting" PID="1392" TID="1396" Con="" Exe="X:\windows\system32\sysreset.exe" Mod="SetupPlatform.dll" Err="2" MD="" DT="2019-08-24T20:51:56"/>
<z:row Cls="D" Sev="50331648" Maj="Def" Min="Def" LN="10977" Fil="" Fun="CSetupPlatform::Initialize" Uid="51150848" Msg="CSetupPlatform::Initialize: Failed to initialize tracing" PID="1392" TID="1396" Con="" Exe="X:\windows\system32\sysreset.exe" Mod="SetupPlatform.dll" Err="203" MD="" DT="2019-08-24T20:51:56"/>
<z:row Cls="D" Sev="50331648" Maj="Def" Min="Def" LN="256" Fil="" Fun="CPanther::WdsSetupLogMessageW" Uid="51085312" Msg="DISM Provider Store: PID=1392 TID=1404 Failed to load the provider: X:\windows\system32\Dism\SiloedPackageProvider.dll. - CDISMProviderStore::Internal_GetProvider(hr:0x8007007e)" PID="1392" TID="1404" Con="" Exe="X:\windows\system32\sysreset.exe" Mod="LogProvider.dll" Err="0" MD="" DT="2019-08-24T21:03:54"/>
<z:row Cls="D" Sev="50331648" Maj="Def" Min="Def" LN="256" Fil="" Fun="CPanther::WdsSetupLogMessageW" Uid="51085312" Msg="DISM Provider Store: PID=1392 TID=1404 Failed to load the provider: X:\windows\system32\Dism\MetaDeployProvider.dll. - CDISMProviderStore::Internal_GetProvider(hr:0x8007007e)" PID="1392" TID="1404" Con="" Exe="X:\windows\system32\sysreset.exe" Mod="LogProvider.dll" Err="0" MD="" DT="2019-08-24T21:03:54"/>
<z:row Cls="D" Sev="50331648" Maj="Def" Min="Def" LN="256" Fil="" Fun="CPanther::WdsSetupLogMessageW" Uid="51085312" Msg="DISM OS Provider: PID=1492 TID=1408 Unable to set the DLL search path to the servicing stack folder. C:\Windows may not point to a valid Windows folder. - CDISMOSServiceManager::Final_OnConnect" PID="1392" TID="1404" Con="" Exe="X:\windows\system32\sysreset.exe" Mod="LogProvider.dll" Err="0" MD="" DT="2019-08-24T21:03:54"/>
<z:row Cls="D" Sev="50331648" Maj="Def" Min="Def" LN="256" Fil="" Fun="CPanther::WdsSetupLogMessageW" Uid="51085312" Msg="DISM Provider Store: PID=1392 TID=1120 Failed to load the provider: X:\windows\system32\Dism\SiloedPackageProvider.dll. - CDISMProviderStore::Internal_GetProvider(hr:0x8007007e)" PID="1392" TID="1120" Con="" Exe="X:\windows\system32\sysreset.exe" Mod="LogProvider.dll" Err="0" MD="" DT="2019-08-24T21:03:59"/>
<z:row Cls="D" Sev="50331648" Maj="Def" Min="Def" LN="256" Fil="" Fun="CPanther::WdsSetupLogMessageW" Uid="51085312" Msg="DISM Provider Store: PID=1392 TID=1120 Failed to load the provider: X:\windows\system32\Dism\MetaDeployProvider.dll. - CDISMProviderStore::Internal_GetProvider(hr:0x8007007e)" PID="1392" TID="1120" Con="" Exe="X:\windows\system32\sysreset.exe" Mod="LogProvider.dll" Err="0" MD="" DT="2019-08-24T21:03:59"/>
<z:row Cls="D" Sev="50331648" Maj="Def" Min="Def" LN="256" Fil="" Fun="CPanther::WdsSetupLogMessageW" Uid="51085312" Msg="DISM OS Provider: PID=1100 TID=660 Unable to set the DLL search path to the servicing stack folder. C:\$WINDOWS.~BT\NewOS\Windows may not point to a valid Windows folder. - CDISMOSServiceManager::Final_OnConnect" PID="1392" TID="1120" Con="" Exe="X:\windows\system32\sysreset.exe" Mod="LogProvider.dll" Err="0" MD="" DT="2019-08-24T21:03:59"/>
<z:row Cls="D" Sev="50331648" Maj="Def" Min="Def" LN="10063" Fil="" Fun="Mig::COfflineWinNTPlatform::AddUserContext" Uid="50855936" Msg="User class hive loading error, ignoring. Hive path:C:\$Windows.~BT\NewOS\Users\Default\AppData\Local\Microsoft\Windows\UsrClass.dat, error: 2" PID="1392" TID="1396" Con="" Exe="X:\windows\system32\sysreset.exe" Mod="migcore.dll" Err="2" MD="" DT="2019-08-24T21:04:08"/>
<z:row Cls="D" Sev="50331648" Maj="Def" Min="Def" LN="3468" Fil="" Fun="Mig::CMXEDynamicLocationDelegate::Invoke" Uid="50331648" Msg="Mig::CMXEDynamicLocationDelegate::Invoke: Cannot find registered object http://www.microsoft.com/migration/1.0/migxmlext/offlineupgrade/offlineUpgrade/settings/LocationModifyScript/MigXmlHelper.RelativeMove(&apos;HKLM\Software\Microsoft\Windows NT\CurrentVersion\Print\Printers&apos;,&apos;HKLM\Software\Microsoft\Windows NT\CurrentVersion\Print\SecurityDescriptors&apos;). &lt;locationModify&gt; rule will be inactive" PID="1392" TID="1396" Con="" Exe="X:\windows\system32\sysreset.exe" Mod="migcore.dll" Err="0" MD="" DT="2019-08-24T21:04:15"/>
<z:row Cls="D" Sev="50331648" Maj="Def" Min="Def" LN="3468" Fil="" Fun="Mig::CMXEDynamicLocationDelegate::Invoke" Uid="50331648" Msg="Mig::CMXEDynamicLocationDelegate::Invoke: Cannot find registered object http://www.microsoft.com/migration/1.0/migxmlext/offlineupgrade/offlineUpgrade/settings/LocationModifyScript/MigXmlHelper.RelativeMove(&apos;HKLM\Software\Microsoft\Windows NT\CurrentVersion\Print\Printers&apos;,&apos;HKLM\Software\Microsoft\Windows NT\CurrentVersion\Print\SecurityDescriptors&apos;). &lt;locationModify&gt; rule will be inactive" PID="1392" TID="1396" Con="" Exe="X:\windows\system32\sysreset.exe" Mod="migcore.dll" Err="0" MD="" DT="2019-08-24T21:04:15"/>
<z:row Cls="D" Sev="50331648" Maj="Def" Min="Def" LN="3468" Fil="" Fun="Mig::CMXEDynamicLocationDelegate::Invoke" Uid="50331648" Msg="Mig::CMXEDynamicLocationDelegate::Invoke: Cannot find registered object http://www.microsoft.com/migration/1.0/migxmlext/offlineupgrade/offlineUpgrade/settings/LocationModifyScript/MigXmlHelper.RelativeMove(&apos;HKLM\Software\Microsoft\Windows NT\CurrentVersion\Print\Printers&apos;,&apos;HKLM\Software\Microsoft\Windows NT\CurrentVersion\Print\SecurityDescriptors&apos;). &lt;locationModify&gt; rule will be inactive" PID="1392" TID="1396" Con="" Exe="X:\windows\system32\sysreset.exe" Mod="migcore.dll" Err="0" MD="" DT="2019-08-24T21:04:15"/>
<z:row Cls="D" Sev="50331648" Maj="Def" Min="Def" LN="3468" Fil="" Fun="Mig::CMXEDynamicLocationDelegate::Invoke" Uid="50331648" Msg="Mig::CMXEDynamicLocationDelegate::Invoke: Cannot find registered object http://www.microsoft.com/migration/1.0/migxmlext/offlineupgrade/offlineUpgrade/settings/LocationModifyScript/MigXmlHelper.RelativeMove(&apos;HKLM\Software\Microsoft\Windows NT\CurrentVersion\Print\Printers&apos;,&apos;HKLM\Software\Microsoft\Windows NT\CurrentVersion\Print\SecurityDescriptors&apos;). &lt;locationModify&gt; rule will be inactive" PID="1392" TID="1396" Con="" Exe="X:\windows\system32\sysreset.exe" Mod="migcore.dll" Err="0" MD="" DT="2019-08-24T21:04:15"/>
<z:row Cls="D" Sev="50331648" Maj="Def" Min="Def" LN="3468" Fil="" Fun="Mig::CMXEDynamicLocationDelegate::Invoke" Uid="50331648" Msg="Mig::CMXEDynamicLocationDelegate::Invoke: Cannot find registered object http://www.microsoft.com/migration/1.0/migxmlext/offlineupgrade/offlineUpgrade/settings/LocationModifyScript/MigXmlHelper.RelativeMove(&apos;HKLM\Software\Microsoft\Windows NT\CurrentVersion\Print\Printers&apos;,&apos;HKLM\Software\Microsoft\Windows NT\CurrentVersion\Print\SecurityDescriptors&apos;). &lt;locationModify&gt; rule will be inactive" PID="1392" TID="1396" Con="" Exe="X:\windows\system32\sysreset.exe" Mod="migcore.dll" Err="0" MD="" DT="2019-08-24T21:04:15"/>
<z:row Cls="D" Sev="50331648" Maj="Def" Min="Def" LN="3468" Fil="" Fun="Mig::CMXEDynamicLocationDelegate::Invoke" Uid="50331648" Msg="Mig::CMXEDynamicLocationDelegate::Invoke: Cannot find registered object http://www.microsoft.com/migration/1.0/migxmlext/offlineupgrade/offlineUpgrade/settings/LocationModifyScript/MigXmlHelper.RelativeMove(&apos;HKLM\Software\Microsoft\Windows NT\CurrentVersion\Print\Printers&apos;,&apos;HKLM\Software\Microsoft\Windows NT\CurrentVersion\Print\SecurityDescriptors&apos;). &lt;locationModify&gt; rule will be inactive" PID="1392" TID="1396" Con="" Exe="X:\windows\system32\sysreset.exe" Mod="migcore.dll" Err="0" MD="" DT="2019-08-24T21:04:15"/>
<z:row Cls="D" Sev="50331648" Maj="Def" Min="Def" LN="256" Fil="" Fun="CPanther::WdsSetupLogMessageW" Uid="51085312" Msg="DISM Provider Store: PID=1392 TID=1912 Failed to load the provider: X:\windows\system32\Dism\SiloedPackageProvider.dll. - CDISMProviderStore::Internal_GetProvider(hr:0x8007007e)" PID="1392" TID="1912" Con="" Exe="X:\windows\system32\sysreset.exe" Mod="LogProvider.dll" Err="0" MD="" DT="2019-08-24T21:04:28"/>
<z:row Cls="D" Sev="50331648" Maj="Def" Min="Def" LN="256" Fil="" Fun="CPanther::WdsSetupLogMessageW" Uid="51085312" Msg="DISM Provider Store: PID=1392 TID=1912 Failed to load the provider: X:\windows\system32\Dism\MetaDeployProvider.dll. - CDISMProviderStore::Internal_GetProvider(hr:0x8007007e)" PID="1392" TID="1912" Con="" Exe="X:\windows\system32\sysreset.exe" Mod="LogProvider.dll" Err="0" MD="" DT="2019-08-24T21:04:28"/>
<z:row Cls="D" Sev="50331648" Maj="Def" Min="Def" LN="256" Fil="" Fun="CPanther::WdsSetupLogMessageW" Uid="51085312" Msg="DISM OS Provider: PID=1748 TID=1604 Unable to set the DLL search path to the servicing stack folder. C:\$WINDOWS.~BT\NewOS\Windows may not point to a valid Windows folder. - CDISMOSServiceManager::Final_OnConnect" PID="1392" TID="1912" Con="" Exe="X:\windows\system32\sysreset.exe" Mod="LogProvider.dll" Err="0" MD="" DT="2019-08-24T21:04:28"/>
<z:row Cls="D" Sev="50331648" Maj="Def" Min="Def" LN="3379" Fil="" Fun="COperationQueue::ExecuteOperations" Uid="51150848" Msg="DISKSPACEEXCEED: Operation consumed more disk space than declared. Exceeded by 40960 bytes" PID="1392" TID="1396" Con="" Exe="X:\windows\system32\sysreset.exe" Mod="SetupPlatform.dll" Err="0" MD="" DT="2019-08-24T21:04:31"/>
<z:row Cls="D" Sev="50331648" Maj="Def" Min="Def" LN="256" Fil="" Fun="CPanther::WdsSetupLogMessageW" Uid="51085312" Msg="DISM Provider Store: PID=1392 TID=644 Failed to load the provider: X:\windows\system32\Dism\SiloedPackageProvider.dll. - CDISMProviderStore::Internal_GetProvider(hr:0x8007007e)" PID="1392" TID="644" Con="" Exe="X:\windows\system32\sysreset.exe" Mod="LogProvider.dll" Err="0" MD="" DT="2019-08-24T21:04:31"/>
<z:row Cls="D" Sev="50331648" Maj="Def" Min="Def" LN="256" Fil="" Fun="CPanther::WdsSetupLogMessageW" Uid="51085312" Msg="DISM Provider Store: PID=1392 TID=644 Failed to load the provider: X:\windows\system32\Dism\MetaDeployProvider.dll. - CDISMProviderStore::Internal_GetProvider(hr:0x8007007e)" PID="1392" TID="644" Con="" Exe="X:\windows\system32\sysreset.exe" Mod="LogProvider.dll" Err="0" MD="" DT="2019-08-24T21:04:31"/>
<z:row Cls="D" Sev="50331648" Maj="Def" Min="Def" LN="256" Fil="" Fun="CPanther::WdsSetupLogMessageW" Uid="51085312" Msg="DISM OS Provider: PID=664 TID=1584 Unable to set the DLL search path to the servicing stack folder. C:\$WINDOWS.~BT\NewOS\Windows may not point to a valid Windows folder. - CDISMOSServiceManager::Final_OnConnect" PID="1392" TID="644" Con="" Exe="X:\windows\system32\sysreset.exe" Mod="LogProvider.dll" Err="0" MD="" DT="2019-08-24T21:04:31"/>
<z:row Cls="D" Sev="50331648" Maj="Def" Min="Def" LN="3379" Fil="" Fun="COperationQueue::ExecuteOperations" Uid="51150848" Msg="DISKSPACEEXCEED: Operation consumed more disk space than declared. Exceeded by 540672 bytes" PID="1392" TID="1396" Con="" Exe="X:\windows\system32\sysreset.exe" Mod="SetupPlatform.dll" Err="0" MD="" DT="2019-08-24T21:04:34"/>
<z:row Cls="D" Sev="50331648" Maj="Def" Min="Def" LN="256" Fil="" Fun="CPanther::WdsSetupLogMessageW" Uid="51085312" Msg="DISM Provider Store: PID=1392 TID=1448 Failed to load the provider: X:\windows\system32\Dism\SiloedPackageProvider.dll. - CDISMProviderStore::Internal_GetProvider(hr:0x8007007e)" PID="1392" TID="1448" Con="" Exe="X:\windows\system32\sysreset.exe" Mod="LogProvider.dll" Err="0" MD="" DT="2019-08-24T21:04:34"/>
<z:row Cls="D" Sev="50331648" Maj="Def" Min="Def" LN="256" Fil="" Fun="CPanther::WdsSetupLogMessageW" Uid="51085312" Msg="DISM Provider Store: PID=1392 TID=1448 Failed to load the provider: X:\windows\system32\Dism\MetaDeployProvider.dll. - CDISMProviderStore::Internal_GetProvider(hr:0x8007007e)" PID="1392" TID="1448" Con="" Exe="X:\windows\system32\sysreset.exe" Mod="LogProvider.dll" Err="0" MD="" DT="2019-08-24T21:04:34"/>
<z:row Cls="D" Sev="50331648" Maj="Def" Min="Def" LN="256" Fil="" Fun="CPanther::WdsSetupLogMessageW" Uid="51085312" Msg="DISM OS Provider: PID=1476 TID=2200 Unable to set the DLL search path to the servicing stack folder. C:\$WINDOWS.~BT\NewOS\Windows may not point to a valid Windows folder. - CDISMOSServiceManager::Final_OnConnect" PID="1392" TID="1448" Con="" Exe="X:\windows\system32\sysreset.exe" Mod="LogProvider.dll" Err="0" MD="" DT="2019-08-24T21:04:34"/>
<z:row Cls="D" Sev="50331648" Maj="Def" Min="Def" LN="3379" Fil="" Fun="COperationQueue::ExecuteOperations" Uid="51150848" Msg="DISKSPACEEXCEED: Operation consumed more disk space than declared. Exceeded by 12288 bytes" PID="1392" TID="1396" Con="" Exe="X:\windows\system32\sysreset.exe" Mod="SetupPlatform.dll" Err="0" MD="" DT="2019-08-24T21:04:38"/>
<z:row Cls="D" Sev="50331648" Maj="Def" Min="Def" LN="256" Fil="" Fun="CPanther::WdsSetupLogMessageW" Uid="51085312" Msg="DISM Provider Store: PID=1392 TID=2184 Failed to load the provider: X:\windows\system32\Dism\SiloedPackageProvider.dll. - CDISMProviderStore::Internal_GetProvider(hr:0x8007007e)" PID="1392" TID="2184" Con="" Exe="X:\windows\system32\sysreset.exe" Mod="LogProvider.dll" Err="0" MD="" DT="2019-08-24T21:04:38"/>
<z:row Cls="D" Sev="50331648" Maj="Def" Min="Def" LN="256" Fil="" Fun="CPanther::WdsSetupLogMessageW" Uid="51085312" Msg="DISM Provider Store: PID=1392 TID=2184 Failed to load the provider: X:\windows\system32\Dism\MetaDeployProvider.dll. - CDISMProviderStore::Internal_GetProvider(hr:0x8007007e)" PID="1392" TID="2184" Con="" Exe="X:\windows\system32\sysreset.exe" Mod="LogProvider.dll" Err="0" MD="" DT="2019-08-24T21:04:38"/>
<z:row Cls="D" Sev="50331648" Maj="Def" Min="Def" LN="256" Fil="" Fun="CPanther::WdsSetupLogMessageW" Uid="51085312" Msg="DISM OS Provider: PID=2180 TID=2124 Unable to set the DLL search path to the servicing stack folder. C:\$WINDOWS.~BT\NewOS\Windows may not point to a valid Windows folder. - CDISMOSServiceManager::Final_OnConnect" PID="1392" TID="2184" Con="" Exe="X:\windows\system32\sysreset.exe" Mod="LogProvider.dll" Err="0" MD="" DT="2019-08-24T21:04:38"/>
<z:row Cls="D" Sev="50331648" Maj="Def" Min="Def" LN="3379" Fil="" Fun="COperationQueue::ExecuteOperations" Uid="51150848" Msg="DISKSPACEEXCEED: Operation consumed more disk space than declared. Exceeded by 540672 bytes" PID="1392" TID="1396" Con="" Exe="X:\windows\system32\sysreset.exe" Mod="SetupPlatform.dll" Err="0" MD="" DT="2019-08-24T21:04:40"/>
<z:row Cls="D" Sev="50331648" Maj="Def" Min="Def" LN="256" Fil="" Fun="CPanther::WdsSetupLogMessageW" Uid="51085312" Msg="DISM Provider Store: PID=1392 TID=2140 Failed to load the provider: X:\windows\system32\Dism\SiloedPackageProvider.dll. - CDISMProviderStore::Internal_GetProvider(hr:0x8007007e)" PID="1392" TID="2140" Con="" Exe="X:\windows\system32\sysreset.exe" Mod="LogProvider.dll" Err="0" MD="" DT="2019-08-24T21:04:40"/>
<z:row Cls="D" Sev="50331648" Maj="Def" Min="Def" LN="256" Fil="" Fun="CPanther::WdsSetupLogMessageW" Uid="51085312" Msg="DISM Provider Store: PID=1392 TID=2140 Failed to load the provider: X:\windows\system32\Dism\MetaDeployProvider.dll. - CDISMProviderStore::Internal_GetProvider(hr:0x8007007e)" PID="1392" TID="2140" Con="" Exe="X:\windows\system32\sysreset.exe" Mod="LogProvider.dll" Err="0" MD="" DT="2019-08-24T21:04:40"/>
<z:row Cls="D" Sev="50331648" Maj="Def" Min="Def" LN="256" Fil="" Fun="CPanther::WdsSetupLogMessageW" Uid="51085312" Msg="DISM OS Provider: PID=2136 TID=2112 Unable to set the DLL search path to the servicing stack folder. C:\$WINDOWS.~BT\NewOS\Windows may not point to a valid Windows folder. - CDISMOSServiceManager::Final_OnConnect" PID="1392" TID="2140" Con="" Exe="X:\windows\system32\sysreset.exe" Mod="LogProvider.dll" Err="0" MD="" DT="2019-08-24T21:04:40"/>
<z:row Cls="D" Sev="50331648" Maj="Def" Min="Def" LN="3379" Fil="" Fun="COperationQueue::ExecuteOperations" Uid="51150848" Msg="DISKSPACEEXCEED: Operation consumed more disk space than declared. Exceeded by 12288 bytes" PID="1392" TID="1396" Con="" Exe="X:\windows\system32\sysreset.exe" Mod="SetupPlatform.dll" Err="0" MD="" DT="2019-08-24T21:04:41"/>
<z:row Cls="D" Sev="50331648" Maj="Def" Min="Def" LN="3538" Fil="" Fun="SPCalculateDriveMappings" Uid="51150848" Msg="SPCalculateDriveMappings: C:\ already maps to C:\, ignoring the newer mapping C:\" PID="1392" TID="1396" Con="" Exe="X:\windows\system32\sysreset.exe" Mod="SetupPlatform.dll" Err="0" MD="" DT="2019-08-24T21:04:42"/>
<z:row Cls="D" Sev="50331648" Maj="Def" Min="Def" LN="3379" Fil="" Fun="COperationQueue::ExecuteOperations" Uid="51150848" Msg="DISKSPACEEXCEED: Operation consumed more disk space than declared. Exceeded by 86016 bytes" PID="1392" TID="1396" Con="" Exe="X:\windows\system32\sysreset.exe" Mod="SetupPlatform.dll" Err="0" MD="" DT="2019-08-24T21:04:51"/>
<z:row Cls="D" Sev="50331648" Maj="Def" Min="Def" LN="256" Fil="" Fun="CPanther::WdsSetupLogMessageW" Uid="51085312" Msg="DISM Provider Store: PID=1392 TID=692 Failed to load the provider: X:\windows\system32\Dism\SiloedPackageProvider.dll. - CDISMProviderStore::Internal_GetProvider(hr:0x8007007e)" PID="1392" TID="692" Con="" Exe="X:\windows\system32\sysreset.exe" Mod="LogProvider.dll" Err="0" MD="" DT="2019-08-24T21:04:51"/>
<z:row Cls="D" Sev="50331648" Maj="Def" Min="Def" LN="256" Fil="" Fun="CPanther::WdsSetupLogMessageW" Uid="51085312" Msg="DISM Provider Store: PID=1392 TID=692 Failed to load the provider: X:\windows\system32\Dism\MetaDeployProvider.dll. - CDISMProviderStore::Internal_GetProvider(hr:0x8007007e)" PID="1392" TID="692" Con="" Exe="X:\windows\system32\sysreset.exe" Mod="LogProvider.dll" Err="0" MD="" DT="2019-08-24T21:04:51"/>
<z:row Cls="D" Sev="50331648" Maj="Def" Min="Def" LN="256" Fil="" Fun="CPanther::WdsSetupLogMessageW" Uid="51085312" Msg="DISM OS Provider: PID=728 TID=960 Unable to set the DLL search path to the servicing stack folder. C:\Windows may not point to a valid Windows folder. - CDISMOSServiceManager::Final_OnConnect" PID="1392" TID="692" Con="" Exe="X:\windows\system32\sysreset.exe" Mod="LogProvider.dll" Err="0" MD="" DT="2019-08-24T21:04:51"/>
<z:row Cls="D" Sev="50331648" Maj="Def" Min="Def" LN="344" Fil="" Fun="CGlobalPath::FindGlobalPathCallback" Uid="51150848" Msg="FindGlobalPath: Cannot find volume name for \\?\GLOBALROOT\Device\HardDisk0\Partition2. Error: 0x0000001F" PID="1392" TID="1396" Con="" Exe="X:\windows\system32\sysreset.exe" Mod="SetupPlatform.dll" Err="31" MD="" DT="2019-08-24T21:05:23"/>
<z:row Cls="D" Sev="50331648" Maj="Def" Min="Def" LN="256" Fil="" Fun="CPanther::WdsSetupLogMessageW" Uid="51085312" Msg="DISM Provider Store: PID=1392 TID=676 Failed to load the provider: X:\windows\system32\Dism\SiloedPackageProvider.dll. - CDISMProviderStore::Internal_GetProvider(hr:0x8007007e)" PID="1392" TID="676" Con="" Exe="X:\windows\system32\sysreset.exe" Mod="LogProvider.dll" Err="0" MD="" DT="2019-08-24T21:05:23"/>
<z:row Cls="D" Sev="50331648" Maj="Def" Min="Def" LN="256" Fil="" Fun="CPanther::WdsSetupLogMessageW" Uid="51085312" Msg="DISM Provider Store: PID=1392 TID=676 Failed to load the provider: X:\windows\system32\Dism\MetaDeployProvider.dll. - CDISMProviderStore::Internal_GetProvider(hr:0x8007007e)" PID="1392" TID="676" Con="" Exe="X:\windows\system32\sysreset.exe" Mod="LogProvider.dll" Err="0" MD="" DT="2019-08-24T21:05:23"/>
<z:row Cls="D" Sev="50331648" Maj="Def" Min="Def" LN="256" Fil="" Fun="CPanther::WdsSetupLogMessageW" Uid="51085312" Msg="DISM OS Provider: PID=716 TID=828 Unable to set the DLL search path to the servicing stack folder. C:\$WINDOWS.~BT\NewOS\Windows may not point to a valid Windows folder. - CDISMOSServiceManager::Final_OnConnect" PID="1392" TID="676" Con="" Exe="X:\windows\system32\sysreset.exe" Mod="LogProvider.dll" Err="0" MD="" DT="2019-08-24T21:05:23"/>
<z:row Cls="D" Sev="50331648" Maj="Def" Min="Def" LN="3379" Fil="" Fun="COperationQueue::ExecuteOperations" Uid="51150848" Msg="DISKSPACEEXCEED: Operation consumed more disk space than declared. Exceeded by 61124608 bytes" PID="1392" TID="1396" Con="" Exe="X:\windows\system32\sysreset.exe" Mod="SetupPlatform.dll" Err="0" MD="" DT="2019-08-24T21:06:18"/>
<z:row Cls="D" Sev="50331648" Maj="Def" Min="Def" LN="7130" Fil="" Fun="CPrepareRecoveryImage::DoExecute" Uid="51150848" Msg="CPrepareRecoveryImage::DoExecute: Default WinRE image does not exist either, we have nothing to do." PID="1392" TID="1396" Con="" Exe="X:\windows\system32\sysreset.exe" Mod="SetupPlatform.dll" Err="2" MD="" DT="2019-08-24T21:06:18"/>
<z:row Cls="D" Sev="50331648" Maj="Def" Min="Def" LN="3379" Fil="" Fun="COperationQueue::ExecuteOperations" Uid="51150848" Msg="DISKSPACEEXCEED: Operation consumed more disk space than declared. Exceeded by 32768 bytes" PID="1392" TID="1396" Con="" Exe="X:\windows\system32\sysreset.exe" Mod="SetupPlatform.dll" Err="0" MD="" DT="2019-08-24T21:06:18"/>
<z:row Cls="D" Sev="50331648" Maj="Def" Min="Def" LN="256" Fil="" Fun="CPanther::WdsSetupLogMessageW" Uid="51085312" Msg="DISM Provider Store: PID=1392 TID=2272 Failed to load the provider: X:\windows\system32\Dism\SiloedPackageProvider.dll. - CDISMProviderStore::Internal_GetProvider(hr:0x8007007e)" PID="1392" TID="2272" Con="" Exe="X:\windows\system32\sysreset.exe" Mod="LogProvider.dll" Err="0" MD="" DT="2019-08-24T21:06:22"/>
<z:row Cls="D" Sev="50331648" Maj="Def" Min="Def" LN="256" Fil="" Fun="CPanther::WdsSetupLogMessageW" Uid="51085312" Msg="DISM Provider Store: PID=1392 TID=2272 Failed to load the provider: X:\windows\system32\Dism\MetaDeployProvider.dll. - CDISMProviderStore::Internal_GetProvider(hr:0x8007007e)" PID="1392" TID="2272" Con="" Exe="X:\windows\system32\sysreset.exe" Mod="LogProvider.dll" Err="0" MD="" DT="2019-08-24T21:06:22"/>
<z:row Cls="D" Sev="50331648" Maj="Def" Min="Def" LN="256" Fil="" Fun="CPanther::WdsSetupLogMessageW" Uid="51085312" Msg="DISM OS Provider: PID=2268 TID=468 Unable to set the DLL search path to the servicing stack folder. C:\$WINDOWS.~BT\NewOS\Windows may not point to a valid Windows folder. - CDISMOSServiceManager::Final_OnConnect" PID="1392" TID="2272" Con="" Exe="X:\windows\system32\sysreset.exe" Mod="LogProvider.dll" Err="0" MD="" DT="2019-08-24T21:06:23"/>
<z:row Cls="D" Sev="50331648" Maj="Def" Min="Def" LN="3379" Fil="" Fun="COperationQueue::ExecuteOperations" Uid="51150848" Msg="DISKSPACEEXCEED: Operation consumed more disk space than declared. Exceeded by 626688 bytes" PID="1392" TID="1396" Con="" Exe="X:\windows\system32\sysreset.exe" Mod="SetupPlatform.dll" Err="0" MD="" DT="2019-08-24T21:06:25"/>
<z:row Cls="D" Sev="50331648" Maj="Def" Min="Def" LN="3379" Fil="" Fun="COperationQueue::ExecuteOperations" Uid="51150848" Msg="DISKSPACEEXCEED: Operation consumed more disk space than declared. Exceeded by 25071616 bytes" PID="1392" TID="1396" Con="" Exe="X:\windows\system32\sysreset.exe" Mod="SetupPlatform.dll" Err="0" MD="" DT="2019-08-24T21:06:28"/>
<z:row Cls="D" Sev="50331648" Maj="Def" Min="Def" LN="3379" Fil="" Fun="COperationQueue::ExecuteOperations" Uid="51150848" Msg="DISKSPACEEXCEED: Operation consumed more disk space than declared. Exceeded by 65536 bytes" PID="1392" TID="1396" Con="" Exe="X:\windows\system32\sysreset.exe" Mod="SetupPlatform.dll" Err="0" MD="" DT="2019-08-24T21:06:28"/>
<z:row Cls="D" Sev="50331648" Maj="Def" Min="Def" LN="3379" Fil="" Fun="COperationQueue::ExecuteOperations" Uid="51150848" Msg="DISKSPACEEXCEED: Operation consumed more disk space than declared. Exceeded by 1101824 bytes" PID="1392" TID="1396" Con="" Exe="X:\windows\system32\sysreset.exe" Mod="SetupPlatform.dll" Err="0" MD="" DT="2019-08-24T21:06:28"/>
<z:row Cls="D" Sev="50331648" Maj="Def" Min="Def" LN="3379" Fil="" Fun="COperationQueue::ExecuteOperations" Uid="51150848" Msg="DISKSPACEEXCEED: Operation consumed more disk space than declared. Exceeded by 28672 bytes" PID="1392" TID="1396" Con="" Exe="X:\windows\system32\sysreset.exe" Mod="SetupPlatform.dll" Err="0" MD="" DT="2019-08-24T21:06:28"/>
<z:row Cls="D" Sev="50331648" Maj="Def" Min="Def" LN="2976" Fil="" Fun="SPMoveFileWithShortName" Uid="51150848" Msg="SPMoveFileWithShortName: Failed to move C:\inetpub to C:\Windows.old\inetpub, error: 0x00000002" PID="1392" TID="1396" Con="" Exe="X:\windows\system32\sysreset.exe" Mod="SetupPlatform.dll" Err="2" MD="" DT="2019-08-24T21:06:29"/>
<z:row Cls="D" Sev="50331648" Maj="Def" Min="Def" LN="2976" Fil="" Fun="SPMoveFileWithShortName" Uid="51150848" Msg="SPMoveFileWithShortName: Failed to move C:\SkyDriveTemp to C:\Windows.old\SkyDriveTemp, error: 0x00000002" PID="1392" TID="1396" Con="" Exe="X:\windows\system32\sysreset.exe" Mod="SetupPlatform.dll" Err="2" MD="" DT="2019-08-24T21:06:29"/>
<z:row Cls="D" Sev="50331648" Maj="Def" Min="Def" LN="3379" Fil="" Fun="COperationQueue::ExecuteOperations" Uid="51150848" Msg="DISKSPACEEXCEED: Operation consumed more disk space than declared. Exceeded by 8192 bytes" PID="1392" TID="1396" Con="" Exe="X:\windows\system32\sysreset.exe" Mod="SetupPlatform.dll" Err="0" MD="" DT="2019-08-24T21:06:29"/>
<z:row Cls="D" Sev="50331648" Maj="Def" Min="Def" LN="222" Fil="" Fun="CAddProvisioningPackage::DoExecute" Uid="51150848" Msg="CAddProvisioningPackage::DoExecute: Failed to initialize COM security. Was it initialized before us? hr = 0x80010119" PID="1392" TID="1396" Con="" Exe="X:\windows\system32\sysreset.exe" Mod="SetupPlatform.dll" Err="183" MD="" DT="2019-08-24T21:06:29"/>
<z:row Cls="D" Sev="50331648" Maj="Def" Min="Def" LN="256" Fil="" Fun="CPanther::WdsSetupLogMessageW" Uid="51085312" Msg="DISM Provider Store: PID=1392 TID=1204 Failed to load the provider: X:\windows\system32\Dism\SiloedPackageProvider.dll. - CDISMProviderStore::Internal_GetProvider(hr:0x8007007e)" PID="1392" TID="1204" Con="" Exe="X:\windows\system32\sysreset.exe" Mod="LogProvider.dll" Err="0" MD="" DT="2019-08-24T21:06:29"/>
<z:row Cls="D" Sev="50331648" Maj="Def" Min="Def" LN="256" Fil="" Fun="CPanther::WdsSetupLogMessageW" Uid="51085312" Msg="DISM Provider Store: PID=1392 TID=1204 Failed to load the provider: X:\windows\system32\Dism\MetaDeployProvider.dll. - CDISMProviderStore::Internal_GetProvider(hr:0x8007007e)" PID="1392" TID="1204" Con="" Exe="X:\windows\system32\sysreset.exe" Mod="LogProvider.dll" Err="0" MD="" DT="2019-08-24T21:06:29"/>
<z:row Cls="D" Sev="50331648" Maj="Def" Min="Def" LN="256" Fil="" Fun="CPanther::WdsSetupLogMessageW" Uid="51085312" Msg="DISM OS Provider: PID=1216 TID=1632 Unable to set the DLL search path to the servicing stack folder. C:\Windows may not point to a valid Windows folder. - CDISMOSServiceManager::Final_OnConnect" PID="1392" TID="1204" Con="" Exe="X:\windows\system32\sysreset.exe" Mod="LogProvider.dll" Err="0" MD="" DT="2019-08-24T21:06:29"/>
<z:row Cls="D" Sev="50331648" Maj="Def" Min="Def" LN="3379" Fil="" Fun="COperationQueue::ExecuteOperations" Uid="51150848" Msg="DISKSPACEEXCEED: Operation consumed more disk space than declared. Exceeded by 139264 bytes" PID="1392" TID="1396" Con="" Exe="X:\windows\system32\sysreset.exe" Mod="SetupPlatform.dll" Err="0" MD="" DT="2019-08-24T21:06:31"/>
<z:row Cls="D" Sev="50331648" Maj="Def" Min="Def" LN="3379" Fil="" Fun="COperationQueue::ExecuteOperations" Uid="51150848" Msg="DISKSPACEEXCEED: Operation consumed more disk space than declared. Exceeded by 8388608 bytes" PID="1392" TID="1396" Con="" Exe="X:\windows\system32\sysreset.exe" Mod="SetupPlatform.dll" Err="0" MD="" DT="2019-08-24T21:06:31"/>
<z:row Cls="D" Sev="50331648" Maj="Def" Min="Def" LN="169" Fil="" Fun="PushButtonReset::Logging::Trace" Uid="50331648" Msg="Operation [Migrate AppX InfusedApps store] ([MigrateInfusedApps]) consumed more disk space than expected" PID="1392" TID="1396" Con="" Exe="X:\windows\system32\sysreset.exe" Mod="ResetEngine.dll" Err="2" MD="" DT="2019-08-24T21:06:54"/>
<z:row Cls="D" Sev="50331648" Maj="Def" Min="Def" LN="169" Fil="" Fun="PushButtonReset::Logging::Trace" Uid="50331648" Msg="-&gt; Expected to use [0] bytes, leaving [897404317696] bytes free" PID="1392" TID="1396" Con="" Exe="X:\windows\system32\sysreset.exe" Mod="ResetEngine.dll" Err="2" MD="" DT="2019-08-24T21:06:54"/>
<z:row Cls="D" Sev="50331648" Maj="Def" Min="Def" LN="169" Fil="" Fun="PushButtonReset::Logging::Trace" Uid="50331648" Msg="-&gt; Actually used [14577664] bytes, leaving [897389740032] bytes free" PID="1392" TID="1396" Con="" Exe="X:\windows\system32\sysreset.exe" Mod="ResetEngine.dll" Err="2" MD="" DT="2019-08-24T21:06:54"/>
<z:row Cls="D" Sev="50331648" Maj="Def" Min="Def" LN="470" Fil="" Fun="UnattendLogWV" Uid="50331648" Msg="[sysreset.exe] failed to get child attribute by tag: 0xd" PID="1392" TID="1396" Con="" Exe="X:\windows\system32\sysreset.exe" Mod="ReAgent.dll" Err="0" MD="" DT="2019-08-24T21:06:54"/>
<z:row Cls="D" Sev="50331648" Maj="Def" Min="Def" LN="470" Fil="" Fun="UnattendLogWV" Uid="50331648" Msg="[sysreset.exe] failed to get child attribute by tag: 0xd" PID="1392" TID="1396" Con="" Exe="X:\windows\system32\sysreset.exe" Mod="ReAgent.dll" Err="0" MD="" DT="2019-08-24T21:06:54"/>
<z:row Cls="D" Sev="50331648" Maj="Def" Min="Def" LN="470" Fil="" Fun="UnattendLogWV" Uid="50331648" Msg="[sysreset.exe] failed to get child attribute by tag: 0xd" PID="1392" TID="1396" Con="" Exe="X:\windows\system32\sysreset.exe" Mod="ReAgent.dll" Err="0" MD="" DT="2019-08-24T21:06:54"/>
<z:row Cls="D" Sev="50331648" Maj="Def" Min="Def" LN="470" Fil="" Fun="UnattendLogWV" Uid="50331648" Msg="[sysreset.exe] failed to get child attribute by tag: 0xd" PID="1392" TID="1396" Con="" Exe="X:\windows\system32\sysreset.exe" Mod="ReAgent.dll" Err="0" MD="" DT="2019-08-24T21:06:54"/>
<z:row Cls="D" Sev="50331648" Maj="Def" Min="Def" LN="470" Fil="" Fun="UnattendLogWV" Uid="50331648" Msg="[sysreset.exe] failed to get child attribute by tag: 0xd" PID="1392" TID="1396" Con="" Exe="X:\windows\system32\sysreset.exe" Mod="ReAgent.dll" Err="0" MD="" DT="2019-08-24T21:06:54"/>
<z:row Cls="D" Sev="50331648" Maj="Def" Min="Def" LN="470" Fil="" Fun="UnattendLogWV" Uid="50331648" Msg="[sysreset.exe] failed to get child attribute by tag: 0xd" PID="1392" TID="1396" Con="" Exe="X:\windows\system32\sysreset.exe" Mod="ReAgent.dll" Err="0" MD="" DT="2019-08-24T21:06:54"/>
<z:row Cls="D" Sev="50331648" Maj="Def" Min="Def" LN="470" Fil="" Fun="UnattendLogWV" Uid="50331648" Msg="[sysreset.exe] failed to get child attribute by tag: 0xd" PID="1392" TID="1396" Con="" Exe="X:\windows\system32\sysreset.exe" Mod="ReAgent.dll" Err="0" MD="" DT="2019-08-24T21:06:54"/>
<z:row Cls="D" Sev="50331648" Maj="Def" Min="Def" LN="470" Fil="" Fun="UnattendLogWV" Uid="50331648" Msg="[sysreset.exe] failed to get child attribute by tag: 0xd" PID="1392" TID="1396" Con="" Exe="X:\windows\system32\sysreset.exe" Mod="ReAgent.dll" Err="0" MD="" DT="2019-08-24T21:06:54"/>
<z:row Cls="D" Sev="50331648" Maj="Def" Min="Def" LN="470" Fil="" Fun="UnattendLogWV" Uid="50331648" Msg="[sysreset.exe] ReAgentConfig::ReadBcdAndUpdateEnhancedConfigInfo GetOsInfoForBootEntry returned 0x2 " PID="1392" TID="1396" Con="" Exe="X:\windows\system32\sysreset.exe" Mod="ReAgent.dll" Err="0" MD="" DT="2019-08-24T21:06:54"/>
<z:row Cls="D" Sev="50331648" Maj="Def" Min="Def" LN="470" Fil="" Fun="UnattendLogWV" Uid="50331648" Msg="[sysreset.exe]  failed to add trailing back slash to string  (0x57) in file base\diagnosis\srt\reagent2\reinfo\shared.cpp line 880" PID="1392" TID="1396" Con="" Exe="X:\windows\system32\sysreset.exe" Mod="ReAgent.dll" Err="0" MD="" DT="2019-08-24T21:06:54"/>
<z:row Cls="D" Sev="50331648" Maj="Def" Min="Def" LN="470" Fil="" Fun="UnattendLogWV" Uid="50331648" Msg="[sysreset.exe]  overwrites error code 0x57 because it is not critical" PID="1392" TID="1396" Con="" Exe="X:\windows\system32\sysreset.exe" Mod="ReAgent.dll" Err="0" MD="" DT="2019-08-24T21:06:54"/>
<z:row Cls="D" Sev="50331648" Maj="Def" Min="Def" LN="470" Fil="" Fun="UnattendLogWV" Uid="50331648" Msg="[sysreset.exe]  failed to add trailing back slash to string  (0x57) in file base\diagnosis\srt\reagent2\reinfo\shared.cpp line 880" PID="1392" TID="1396" Con="" Exe="X:\windows\system32\sysreset.exe" Mod="ReAgent.dll" Err="0" MD="" DT="2019-08-24T21:06:54"/>
<z:row Cls="D" Sev="50331648" Maj="Def" Min="Def" LN="470" Fil="" Fun="UnattendLogWV" Uid="50331648" Msg="[sysreset.exe]  overwrites error code 0x57 because it is not critical" PID="1392" TID="1396" Con="" Exe="X:\windows\system32\sysreset.exe" Mod="ReAgent.dll" Err="0" MD="" DT="2019-08-24T21:06:54"/>
<z:row Cls="D" Sev="50331648" Maj="Def" Min="Def" LN="470" Fil="" Fun="UnattendLogWV" Uid="50331648" Msg="[sysreset.exe]  failed to add trailing back slash to string  (0x57) in file base\diagnosis\srt\reagent2\reinfo\shared.cpp line 880" PID="1392" TID="1396" Con="" Exe="X:\windows\system32\sysreset.exe" Mod="ReAgent.dll" Err="0" MD="" DT="2019-08-24T21:06:54"/>
<z:row Cls="D" Sev="50331648" Maj="Def" Min="Def" LN="470" Fil="" Fun="UnattendLogWV" Uid="50331648" Msg="[sysreset.exe]  overwrites error code 0x57 because it is not critical" PID="1392" TID="1396" Con="" Exe="X:\windows\system32\sysreset.exe" Mod="ReAgent.dll" Err="0" MD="" DT="2019-08-24T21:06:54"/>
<z:row Cls="D" Sev="50331648" Maj="Def" Min="Def" LN="470" Fil="" Fun="UnattendLogWV" Uid="50331648" Msg="[sysreset.exe]  failed to add trailing back slash to string  (0x57) in file base\diagnosis\srt\reagent2\reinfo\shared.cpp line 880" PID="1392" TID="1396" Con="" Exe="X:\windows\system32\sysreset.exe" Mod="ReAgent.dll" Err="0" MD="" DT="2019-08-24T21:06:54"/>
<z:row Cls="D" Sev="50331648" Maj="Def" Min="Def" LN="470" Fil="" Fun="UnattendLogWV" Uid="50331648" Msg="[sysreset.exe]  overwrites error code 0x57 because it is not critical" PID="1392" TID="1396" Con="" Exe="X:\windows\system32\sysreset.exe" Mod="ReAgent.dll" Err="0" MD="" DT="2019-08-24T21:06:54"/>
<z:row Cls="D" Sev="50331648" Maj="Def" Min="Def" LN="470" Fil="" Fun="UnattendLogWV" Uid="50331648" Msg="[sysreset.exe]  failed to add trailing back slash to string  (0x57) in file base\diagnosis\srt\reagent2\reinfo\shared.cpp line 880" PID="1392" TID="1396" Con="" Exe="X:\windows\system32\sysreset.exe" Mod="ReAgent.dll" Err="0" MD="" DT="2019-08-24T21:06:54"/>
<z:row Cls="D" Sev="50331648" Maj="Def" Min="Def" LN="470" Fil="" Fun="UnattendLogWV" Uid="50331648" Msg="[sysreset.exe]  overwrites error code 0x57 because it is not critical" PID="1392" TID="1396" Con="" Exe="X:\windows\system32\sysreset.exe" Mod="ReAgent.dll" Err="0" MD="" DT="2019-08-24T21:06:54"/>
<z:row Cls="D" Sev="50331648" Maj="Def" Min="Def" LN="470" Fil="" Fun="UnattendLogWV" Uid="50331648" Msg="[sysreset.exe]  failed to add trailing back slash to string  (0x57) in file base\diagnosis\srt\reagent2\reinfo\shared.cpp line 880" PID="1392" TID="1396" Con="" Exe="X:\windows\system32\sysreset.exe" Mod="ReAgent.dll" Err="0" MD="" DT="2019-08-24T21:06:54"/>
<z:row Cls="D" Sev="50331648" Maj="Def" Min="Def" LN="470" Fil="" Fun="UnattendLogWV" Uid="50331648" Msg="[sysreset.exe]  overwrites error code 0x57 because it is not critical" PID="1392" TID="1396" Con="" Exe="X:\windows\system32\sysreset.exe" Mod="ReAgent.dll" Err="0" MD="" DT="2019-08-24T21:06:54"/>
<z:row Cls="D" Sev="50331648" Maj="Def" Min="Def" LN="470" Fil="" Fun="UnattendLogWV" Uid="50331648" Msg="[sysreset.exe] WinReRestoreConfigAfterPBR Failed to find a recovery image" PID="1392" TID="1396" Con="" Exe="X:\windows\system32\sysreset.exe" Mod="ReAgent.dll" Err="0" MD="" DT="2019-08-24T21:06:54"/>
<z:row Cls="D" Sev="50331648" Maj="Def" Min="Def" LN="470" Fil="" Fun="UnattendLogWV" Uid="50331648" Msg="[sysreset.exe] read xml file (C:\Recovery\ReAgentOld.xml) failed: 0x2" PID="1392" TID="1396" Con="" Exe="X:\windows\system32\sysreset.exe" Mod="ReAgent.dll" Err="0" MD="" DT="2019-08-24T21:06:54"/>
<z:row Cls="D" Sev="50331648" Maj="Def" Min="Def" LN="470" Fil="" Fun="UnattendLogWV" Uid="50331648" Msg="[sysreset.exe] ReAgentXMLParser::ParseConfigFile failed to read config xml file (0x2) in file base\diagnosis\srt\reagent2\reinfo\parser_2.0.cpp line 779" PID="1392" TID="1396" Con="" Exe="X:\windows\system32\sysreset.exe" Mod="ReAgent.dll" Err="0" MD="" DT="2019-08-24T21:06:54"/>
<z:row Cls="D" Sev="50331648" Maj="Def" Min="Def" LN="470" Fil="" Fun="UnattendLogWV" Uid="50331648" Msg="[sysreset.exe] ReAgentXMLParser::ParseConfigFile (xml file: C:\Recovery\ReAgentOld.xml) returning 0x2" PID="1392" TID="1396" Con="" Exe="X:\windows\system32\sysreset.exe" Mod="ReAgent.dll" Err="0" MD="" DT="2019-08-24T21:06:54"/>
<z:row Cls="D" Sev="50331648" Maj="Def" Min="Def" LN="470" Fil="" Fun="UnattendLogWV" Uid="50331648" Msg="[sysreset.exe] Failed to get recovery entries: 0xc0000225" PID="1392" TID="1396" Con="" Exe="X:\windows\system32\sysreset.exe" Mod="ReAgent.dll" Err="0" MD="" DT="2019-08-24T21:06:54"/>
<z:row Cls="D" Sev="50331648" Maj="Def" Min="Def" LN="169" Fil="" Fun="PushButtonReset::Logging::Trace" Uid="50331648" Msg="Operation [Install WinRE on target OS] ([InstallWinRE]) consumed more disk space than expected" PID="1392" TID="1396" Con="" Exe="X:\windows\system32\sysreset.exe" Mod="ResetEngine.dll" Err="2" MD="" DT="2019-08-24T21:06:54"/>
<z:row Cls="D" Sev="50331648" Maj="Def" Min="Def" LN="169" Fil="" Fun="PushButtonReset::Logging::Trace" Uid="50331648" Msg="-&gt; Expected to use [0] bytes, leaving [897389740032] bytes free" PID="1392" TID="1396" Con="" Exe="X:\windows\system32\sysreset.exe" Mod="ResetEngine.dll" Err="2" MD="" DT="2019-08-24T21:06:54"/>
<z:row Cls="D" Sev="50331648" Maj="Def" Min="Def" LN="169" Fil="" Fun="PushButtonReset::Logging::Trace" Uid="50331648" Msg="-&gt; Actually used [4096] bytes, leaving [897389735936] bytes free" PID="1392" TID="1396" Con="" Exe="X:\windows\system32\sysreset.exe" Mod="ResetEngine.dll" Err="2" MD="" DT="2019-08-24T21:06:54"/>
<z:row Cls="D" Sev="50331648" Maj="Def" Min="Def" LN="169" Fil="" Fun="PushButtonReset::Logging::Trace" Uid="50331648" Msg="Operation [Execute OEM extensibility command: [DK-Exc.exe ]] ([RunExtension]) consumed more disk space than expected" PID="1392" TID="1396" Con="" Exe="X:\windows\system32\sysreset.exe" Mod="ResetEngine.dll" Err="2" MD="" DT="2019-08-24T21:06:55"/>
<z:row Cls="D" Sev="50331648" Maj="Def" Min="Def" LN="169" Fil="" Fun="PushButtonReset::Logging::Trace" Uid="50331648" Msg="-&gt; Expected to use [0] bytes, leaving [897389735936] bytes free" PID="1392" TID="1396" Con="" Exe="X:\windows\system32\sysreset.exe" Mod="ResetEngine.dll" Err="2" MD="" DT="2019-08-24T21:06:55"/>
<z:row Cls="D" Sev="50331648" Maj="Def" Min="Def" LN="169" Fil="" Fun="PushButtonReset::Logging::Trace" Uid="50331648" Msg="-&gt; Actually used [11264000] bytes, leaving [897378471936] bytes free" PID="1392" TID="1396" Con="" Exe="X:\windows\system32\sysreset.exe" Mod="ResetEngine.dll" Err="2" MD="" DT="2019-08-24T21:06:55"/>
<z:row Cls="D" Sev="50331648" Maj="Def" Min="Def" LN="470" Fil="" Fun="UnattendLogWV" Uid="50331648" Msg="[sysreset.exe] RegOpenKeyEx(GP) failed: 0x2" PID="1392" TID="1396" Con="" Exe="X:\windows\system32\sysreset.exe" Mod="ReAgent.dll" Err="0" MD="" DT="2019-08-24T21:06:55"/>
<z:row Cls="D" Sev="50331648" Maj="Def" Min="Def" LN="470" Fil="" Fun="UnattendLogWV" Uid="50331648" Msg="[sysreset.exe] WinReGetGroupPolicies failed with error code 0x2" PID="1392" TID="1396" Con="" Exe="X:\windows\system32\sysreset.exe" Mod="ReAgent.dll" Err="0" MD="" DT="2019-08-24T21:06:55"/>
<z:row Cls="D" Sev="50331648" Maj="Def" Min="Def" LN="470" Fil="" Fun="UnattendLogWV" Uid="50331648" Msg="[sysreset.exe] NOTE: overwrite error code 0x2 because it is not critical" PID="1392" TID="1396" Con="" Exe="X:\windows\system32\sysreset.exe" Mod="ReAgent.dll" Err="0" MD="" DT="2019-08-24T21:06:55"/>
<z:row Cls="D" Sev="50331648" Maj="Def" Min="Def" LN="236" Fil="" Fun="PushButtonReset::Logging::TraceErr" Uid="50331648" Msg="0x80070091 in PushButtonReset::Directory::Delete (base\reset\util\src\filesystem.cpp:2878): Not all files could be deleted from [C:\Windows.old]" PID="1392" TID="1396" Con="" Exe="X:\windows\system32\sysreset.exe" Mod="ResetEngine.dll" Err="145" MD="" DT="2019-08-24T21:09:17"/>
<z:row Cls="D" Sev="50331648" Maj="Def" Min="Def" LN="236" Fil="" Fun="PushButtonReset::Logging::TraceErr" Uid="50331648" Msg="0x80070091 in PushButtonReset::OpDeleteOldOS::InternalExecute (base\reset\engine\operations\src\deleteoldos.cpp:115): Not all files from the old OS could be deleted" PID="1392" TID="1396" Con="" Exe="X:\windows\system32\sysreset.exe" Mod="ResetEngine.dll" Err="145" MD="" DT="2019-08-24T21:09:17"/>
<z:row Cls="D" Sev="50331648" Maj="Def" Min="Def" LN="169" Fil="" Fun="PushButtonReset::Logging::Trace" Uid="50331648" Msg="Operation [Delete old OS files] ([DeleteOldOS]) consumed more disk space than expected" PID="1392" TID="1396" Con="" Exe="X:\windows\system32\sysreset.exe" Mod="ResetEngine.dll" Err="2" MD="" DT="2019-08-24T21:09:17"/>
<z:row Cls="D" Sev="50331648" Maj="Def" Min="Def" LN="169" Fil="" Fun="PushButtonReset::Logging::Trace" Uid="50331648" Msg="-&gt; Expected to use [-109761477632] bytes, leaving [1011924769792] bytes free" PID="1392" TID="1396" Con="" Exe="X:\windows\system32\sysreset.exe" Mod="ResetEngine.dll" Err="2" MD="" DT="2019-08-24T21:09:17"/>
<z:row Cls="D" Sev="50331648" Maj="Def" Min="Def" LN="169" Fil="" Fun="PushButtonReset::Logging::Trace" Uid="50331648" Msg="-&gt; Actually used [-58884472832] bytes, leaving [961047764992] bytes free" PID="1392" TID="1396" Con="" Exe="X:\windows\system32\sysreset.exe" Mod="ResetEngine.dll" Err="2" MD="" DT="2019-08-24T21:09:17"/>
<z:row Cls="D" Sev="50331648" Maj="Def" Min="Def" LN="236" Fil="" Fun="PushButtonReset::Logging::TraceErr" Uid="50331648" Msg="0x80090016 in PbrAcquireCryptContext (base\reset\util\src\erase.cpp:69): Failed to create context with existing default container, will create a new default container" PID="1392" TID="1396" Con="" Exe="X:\windows\system32\sysreset.exe" Mod="ResetEngine.dll" Err="-2146893802" MD="" DT="2019-08-24T21:09:17"/>
<z:row Cls="D" Sev="50331648" Maj="Def" Min="Def" LN="236" Fil="" Fun="PushButtonReset::Logging::TraceErr" Uid="50331648" Msg="0x80070005 in PbrEraseFreeSpace (base\reset\util\src\erase.cpp:480): Failed to disable file compression on [C:\Reset_SafeToDelete_OverwriteSpaceFile_0.tmp]" PID="1392" TID="1396" Con="" Exe="X:\windows\system32\sysreset.exe" Mod="ResetEngine.dll" Err="5" MD="" DT="2019-08-24T21:09:17"/>
<z:row Cls="D" Sev="50331648" Maj="Def" Min="Def" LN="470" Fil="" Fun="UnattendLogWV" Uid="50331648" Msg="[sysreset.exe] RegOpenKeyEx(GP) failed: 0x2" PID="1392" TID="1396" Con="" Exe="X:\windows\system32\sysreset.exe" Mod="ReAgent.dll" Err="0" MD="" DT="2019-08-25T00:12:20"/>
<z:row Cls="D" Sev="50331648" Maj="Def" Min="Def" LN="470" Fil="" Fun="UnattendLogWV" Uid="50331648" Msg="[sysreset.exe] WinReGetGroupPolicies failed with error code 0x2" PID="1392" TID="1396" Con="" Exe="X:\windows\system32\sysreset.exe" Mod="ReAgent.dll" Err="0" MD="" DT="2019-08-25T00:12:20"/>
<z:row Cls="D" Sev="50331648" Maj="Def" Min="Def" LN="470" Fil="" Fun="UnattendLogWV" Uid="50331648" Msg="[sysreset.exe] NOTE: overwrite error code 0x2 because it is not critical" PID="1392" TID="1396" Con="" Exe="X:\windows\system32\sysreset.exe" Mod="ReAgent.dll" Err="0" MD="" DT="2019-08-25T00:12:20"/>
<z:row Cls="D" Sev="50331648" Maj="Def" Min="Def" LN="215" Fil="" Fun="DoTraceMessage" Uid="50331648" Msg="StopUserModeTrace failed" PID="1392" TID="1396" Con="" Exe="X:\windows\system32\sysreset.exe" Mod="" Err="0" MD="" DT="2019-08-25T00:12:20"/>
</rs:data>
</xml>
<xml xmlns:s="uuid:BDC6E3F0-6DA3-11d1-A2A3-00AA00C14882"
 xmlns:dt="uuid:C2F41010-65B3-11d1-A29F-00AA00C14882"
 xmlns:rs="urn:schemas-microsoft-com:rowset"
 xmlns:z="#RowsetSchema">
<s:Schema id="RowsetSchema">
<s:ElementType name="row" content="eltOnly" rs:updatable="true">
<s:AttributeType name="Cls" rs:number="0">
<s:datatype dt:type="string"/>
</s:AttributeType>
<s:AttributeType name="Sev" rs:number="1">
<s:datatype dt:type="int"/>
</s:AttributeType>
<s:AttributeType name="Maj" rs:number="2">
<s:datatype dt:type="string"/>
</s:AttributeType>
<s:AttributeType name="Min" rs:number="3">
<s:datatype dt:type="string"/>
</s:AttributeType>
<s:AttributeType name="LN" rs:number="4">
<s:datatype dt:type="int"/>
</s:AttributeType>
<s:AttributeType name="Fil" rs:number="5">
<s:datatype dt:type="string"/>
</s:AttributeType>
<s:AttributeType name="Fun" rs:number="6">
<s:datatype dt:type="string"/>
</s:AttributeType>
<s:AttributeType name="Uid" rs:number="7">
<s:datatype dt:type="int"/>
</s:AttributeType>
<s:AttributeType name="Msg" rs:number="8">
<s:datatype dt:type="string"/>
</s:AttributeType>
<s:AttributeType name="PID" rs:number="9">
<s:datatype dt:type="int"/>
</s:AttributeType>
<s:AttributeType name="TID" rs:number="10">
<s:datatype dt:type="int"/>
</s:AttributeType>
<s:AttributeType name="Con" rs:number="11">
<s:datatype dt:type="string"/>
</s:AttributeType>
<s:AttributeType name="Exe" rs:number="12">
<s:datatype dt:type="string"/>
</s:AttributeType>
<s:AttributeType name="Mod" rs:number="13">
<s:datatype dt:type="string"/>
</s:AttributeType>
<s:AttributeType name="Err" rs:number="14">
<s:datatype dt:type="int"/>
</s:AttributeType>
<s:AttributeType name="MD" rs:number="15">
<s:datatype dt:type="hexBinary"/>
</s:AttributeType>
<s:AttributeType name="DT" rs:number="16">
<s:datatype dt:type="dateTime"/>
</s:AttributeType>
</s:ElementType>
</s:Schema>
<rs:data>
<z:row Cls="D" Sev="50331648" Maj="Def" Min="Def" LN="470" Fil="" Fun="UnattendLogWV" Uid="50331648" Msg="[ResetEngine.exe] RegOpenKeyEx(GP) failed: 0x2" PID="2272" TID="2308" Con="" Exe="C:\Windows\System32\ResetEngine.exe" Mod="ReAgent.dll" Err="0" MD="" DT="2019-08-25T12:23:33"/>
<z:row Cls="D" Sev="50331648" Maj="Def" Min="Def" LN="470" Fil="" Fun="UnattendLogWV" Uid="50331648" Msg="[ResetEngine.exe] WinReGetGroupPolicies failed with error code 0x2" PID="2272" TID="2308" Con="" Exe="C:\Windows\System32\ResetEngine.exe" Mod="ReAgent.dll" Err="0" MD="" DT="2019-08-25T12:23:33"/>
<z:row Cls="D" Sev="50331648" Maj="Def" Min="Def" LN="470" Fil="" Fun="UnattendLogWV" Uid="50331648" Msg="[ResetEngine.exe] NOTE: overwrite error code 0x2 because it is not critical" PID="2272" TID="2308" Con="" Exe="C:\Windows\System32\ResetEngine.exe" Mod="ReAgent.dll" Err="0" MD="" DT="2019-08-25T12:23:33"/>
</rs:data>
</xml>
<xml xmlns:s="uuid:BDC6E3F0-6DA3-11d1-A2A3-00AA00C14882"
 xmlns:dt="uuid:C2F41010-65B3-11d1-A29F-00AA00C14882"
 xmlns:rs="urn:schemas-microsoft-com:rowset"
 xmlns:z="#RowsetSchema">
<s:Schema id="RowsetSchema">
<s:ElementType name="row" content="eltOnly" rs:updatable="true">
<s:AttributeType name="Cls" rs:number="0">
<s:datatype dt:type="string"/>
</s:AttributeType>
<s:AttributeType name="Sev" rs:number="1">
<s:datatype dt:type="int"/>
</s:AttributeType>
<s:AttributeType name="Maj" rs:number="2">
<s:datatype dt:type="string"/>
</s:AttributeType>
<s:AttributeType name="Min" rs:number="3">
<s:datatype dt:type="string"/>
</s:AttributeType>
<s:AttributeType name="LN" rs:number="4">
<s:datatype dt:type="int"/>
</s:AttributeType>
<s:AttributeType name="Fil" rs:number="5">
<s:datatype dt:type="string"/>
</s:AttributeType>
<s:AttributeType name="Fun" rs:number="6">
<s:datatype dt:type="string"/>
</s:AttributeType>
<s:AttributeType name="Uid" rs:number="7">
<s:datatype dt:type="int"/>
</s:AttributeType>
<s:AttributeType name="Msg" rs:number="8">
<s:datatype dt:type="string"/>
</s:AttributeType>
<s:AttributeType name="PID" rs:number="9">
<s:datatype dt:type="int"/>
</s:AttributeType>
<s:AttributeType name="TID" rs:number="10">
<s:datatype dt:type="int"/>
</s:AttributeType>
<s:AttributeType name="Con" rs:number="11">
<s:datatype dt:type="string"/>
</s:AttributeType>
<s:AttributeType name="Exe" rs:number="12">
<s:datatype dt:type="string"/>
</s:AttributeType>
<s:AttributeType name="Mod" rs:number="13">
<s:datatype dt:type="string"/>
</s:AttributeType>
<s:AttributeType name="Err" rs:number="14">
<s:datatype dt:type="int"/>
</s:AttributeType>
<s:AttributeType name="MD" rs:number="15">
<s:datatype dt:type="hexBinary"/>
</s:AttributeType>
<s:AttributeType name="DT" rs:number="16">
<s:datatype dt:type="dateTime"/>
</s:AttributeType>
</s:ElementType>
</s:Schema>
<rs:data>
</rs:data>
</xml>
