<campaign name="RS4 Rollout EOS Reboot Post 10B">
  <dialogs>
    <string id="832">
      <value>Рестартирайте и актуализирайте, за да останете поддържани</value>
    </string>
    <string id="833">
      <value>Поддръжка за актуализация на Windows 10 от април 2018 г. приключва ноември 2019 г. Рестартирайте, за да инсталирате поддържана версия на Windows.</value>
    </string>
    <string id="837">
      <value>Рестартирайте и актуализирайте, за да останете поддържани</value>
    </string>
    <string id="838">
      <value>Поддръжка за актуализация на Windows 10 от април 2018 г. приключва ноември 2019 г. Рестартирайте и инсталирайте най-новата версия на Windows, за да получите най-новите актуализации на защитата и поддръжка.</value>
    </string>
    <string id="842">
      <value>Рестартирайте и актуализирайте сега, за да останете поддържани</value>
    </string>
    <string id="843">
      <value>След ноември 2019 г. актуализацията на Windows 10 от април 2018 г. няма да получава актуализации на защитата или техническа поддръжка. Рестартирайте и инсталирайте най-новата версия на Windows, за да останете поддържани.</value>
    </string>
    <string id="846">
      <value>Автоматично рестартиране е планирано за важни актуализации</value>
    </string>
    <string id="847">
      <value>Рестартирайте сега, за да получите най-новата поддържана версия на Windows. В противен случай ще се опитаме да рестартираме извън часовете на активност. Не забравяйте да оставите устройството си включено и свързано с електрическата мрежа.</value>
    </string>
    <string id="851">
      <value>С тази актуализация ще изпълнявате поддържана версия на Windows. Рестартирайте сега и оставете вашето устройство включено и свързано с електрическата мрежа. Или ще опитаме отново по-късно.</value>
    </string>
    <string id="855">
      <value>Време е да рестартирате, за да останете поддържани</value>
    </string>
    <string id="856">
      <value>Не успяхме да рестартираме, за да актуализираме устройството ви в планирания час. Може да е било изключено, батерията да е била изтощена или да се е използвало. Рестартирайте сега, за да сте актуализирани.</value>
    </string>
    <string id="860">
      <value>Рестартирайте сега, за да инсталирате поддържана версия на Windows. В противен случай скоро ще опитаме отново и ще ви напомним 15 минути преди началото на рестартирането. Оставете устройството си включено и свързано с електрическата мрежа, за да получите тази актуализация.</value>
    </string>
    <string id="864">
      <value>Най-новата поддържана версия на Windows ще се инсталира, за да ви помогне да останете защитени. Оставете устройството си включено и свързано с електрическата мрежа, за да получите актуализацията.</value>
    </string>
  </dialogs>
  <settings>
    <string id="810">
      <value>В момента изпълнявате версия на Windows, която наближава края на поддръжката. Препоръчваме ви да актуализирате до най-скорошната версия на Windows 10 сега, за да получите най-новите функции и подобрения на защитата.</value>
    </string>
    <string id="812">
      <value>Научете повече</value>
    </string>
    <url id="813">
      <value>https://aka.ms/AA562qu</value>
    </url>
  </settings>
  <toasts>
    <string id="832">
      <value>Рестартирайте и актуализирайте, за да останете поддържани</value>
    </string>
    <string id="833">
      <value>Поддръжка за актуализация на Windows 10 от април 2018 г. приключва ноември 2019 г. Рестартирайте, за да инсталирате поддържана версия на Windows.</value>
    </string>
  </toasts>
</campaign>