<campaign name="RS4 Rollout EOS Reboot Post 10B">
  <dialogs>
    <string id="832">
      <value>הפעל מחדש ועדכן כדי לשמור על תמיכה</value>
    </string>
    <string id="833">
      <value>התמיכה עבור העדכון של Windows 10 גרסת אפריל 2018 מסתיימת בנובמבר 2019. הפעל מחדש כדי להתקין את הגרסה העדכנית ביותר הנתמכת של Windows.</value>
    </string>
    <string id="837">
      <value>הפעל מחדש ועדכן כדי לשמור על תמיכה</value>
    </string>
    <string id="838">
      <value>התמיכה עבור העדכון של Windows 10 גרסת אפריל 2018 מסתיימת בנובמבר 2019. הפעל מחדש והתקן את הגרסה החדשה ביותר של Windows כדי לקבל את עדכוני האבטחה והתמיכה העדכניים ביותר.</value>
    </string>
    <string id="842">
      <value>הפעל מחדש ועדכן כעת כדי לשמור על תמיכה</value>
    </string>
    <string id="843">
      <value>לאחר נובמבר 2019, Windows 10 גרסת אפריל 2018 לא תקבל עדכוני אבטחה או תמיכה טכנית. הפעל מחדש והתקן את הגרסה העדכנית ביותר של Windows כדי לשמור על תמיכה.</value>
    </string>
    <string id="846">
      <value>הפעלה אוטומטית מחדש תוזמנה עבור עדכונים חשובים</value>
    </string>
    <string id="847">
      <value>הפעל מחדש כעת כדי לקבל את הגירסה העדכנית ביותר הנתמכת של Windows. אחרת, ננסה להפעיל מחדש מחוץ לשעות הפעילות שלך. פשוט ודא שאתה משאיר את המכשיר שלך פועל ומחובר לחשמל.</value>
    </string>
    <string id="851">
      <value>באמצעות עדכון זה, תפעיל גירסה נתמכת של Windows. הפעל מחדש כעת והשאר את ההתקן מופעל ומחובר לחשמל. או שננסה שוב מאוחר יותר.</value>
    </string>
    <string id="855">
      <value>הגיע הזמן לבצע הפעלה מחדש כדי להישאר נתמך</value>
    </string>
    <string id="856">
      <value>לא הצלחנו להפעיל מחדש את עדכון המכשיר בזמן המתוכנן. ייתכן שהוא היה כבוי, הסוללה היתה חלשה, או שהוא היה בשימוש. הפעל מחדש כעת כדי להישאר מעודכן.</value>
    </string>
    <string id="860">
      <value>הפעל מחדש כעת כדי להתקין את הגירסה העדכנית ביותר הנתמכת של Windows. אחרת, ננסה שוב בקרוב ונזכיר לך 15 דקות לפני שההפעלה מחדש תתחיל. השאר את המכשיר שלך פועל ומחובר לחשמל כדי לקבל עדכון זה.</value>
    </string>
    <string id="864">
      <value>הגירסה העדכנית ביותר של Windows תותקן כדי לעזור לך להיות מוגן. השאר את המכשיר שלך פועל ומחובר לחשמל כדי לקבל את העדכון.</value>
    </string>
  </dialogs>
  <settings>
    <string id="810">
      <value>אנחנו כרגע מריצים גירסה של Windows שמתקרבת לסיום התמיכה. מומלץ לעדכן את הגירסה העדכנית ביותר של Windows 10 כעת כדי לקבל את התכונות העדכניות ביותר ושיפורים באבטחה.</value>
    </string>
    <string id="812">
      <value>קבל מידע נוסף</value>
    </string>
    <url id="813">
      <value>https://aka.ms/AA562qu</value>
    </url>
  </settings>
  <toasts>
    <string id="832">
      <value>הפעל מחדש ועדכן כדי לשמור על תמיכה</value>
    </string>
    <string id="833">
      <value>התמיכה עבור העדכון של Windows 10 גרסת אפריל 2018 מסתיימת בנובמבר 2019. הפעל מחדש כדי להתקין את הגרסה העדכנית ביותר הנתמכת של Windows.</value>
    </string>
  </toasts>
</campaign>