<campaign name="RS4 Rollout EOS Reboot Post 10B">
  <dialogs>
    <string id="832">
      <value>Ponovno pokretanje i ažuriranje za nastavak podrške</value>
    </string>
    <string id="833">
      <value>Podrška za Ažuriranje Windows 10 za travanj 2018. završava u studenom 2019. Ponovno pokrenite uređaj radi instalacije podržane verzije sustava Windows.</value>
    </string>
    <string id="837">
      <value>Ponovno pokretanje i ažuriranje za nastavak podrške</value>
    </string>
    <string id="838">
      <value>Podrška za Ažuriranje Windows 10 za travanj 2018. završava u studenom 2019. Ponovno pokrenite i instalirajte najnoviju verziju sustava Windows da biste dobili najnovija sigurnosna ažuriranja i podršku.</value>
    </string>
    <string id="842">
      <value>Ponovno pokrenite i ažurirajte sada za nastavak podrške</value>
    </string>
    <string id="843">
      <value>Nakon studenog 2019. Ažuriranje Windows 10 za travanj 2018. neće primati ni sigurnosna ažuriranja ni tehničku podršku. Ponovno pokrenite i instalirajte najnoviju verziju sustava Windows za nastavak podrške.</value>
    </string>
    <string id="846">
      <value>Automatsko ponovno pokretanje zakazano je za važna ažuriranja</value>
    </string>
    <string id="847">
      <value>Ponovno pokrenite sada da biste dobili najnoviju podržanu verziju sustava Windows. U suprotnom pokušat ćemo ponovno pokrenuti sustav izvan aktivnih sati. Samo ostavite uređaj uključen i povezan s izvorom napajanja.</value>
    </string>
    <string id="851">
      <value>Nakon ovog ažuriranja koristit ćete podržanu verziju sustava Windows. Ponovno pokrenite sada i ostavite uređaj uključen i priključen na izvor napajanja. Ili ćemo pokušati ponovno kasnije.</value>
    </string>
    <string id="855">
      <value>Vrijeme je za ponovno pokretanje da biste i dalje dobivali podršku</value>
    </string>
    <string id="856">
      <value>U zakazanom vremenu nismo mogli ponovno pokrenuti uređaj radi ažuriranja. Možda je bio isključen, baterija je bila pri kraju ili je bio u upotrebi. Ponovno ga pokrenite sada da bi se ažurirao.</value>
    </string>
    <string id="860">
      <value>Ponovno pokrenite uređaj sada radi instalacije podržane verzije sustava Windows. U suprotnom uskoro ćemo pokušati ponovno i podsjetiti vas 15 minuta prije početka ponovnog pokretanja. Ostavite uređaj uključen i povezan s izvorom napajanja da biste dobili ovo ažuriranje.</value>
    </string>
    <string id="864">
      <value>Instalirat će se najnovija podržana verzija sustava Windows da bi vam pomogla da ostanete zaštićeni. Ostavite uređaj uključen i povezan s izvorom napajanja da biste dobili ažuriranje.</value>
    </string>
  </dialogs>
  <settings>
    <string id="810">
      <value>Trenutačno koristite verziju sustava Windows za koju se bliži završetak podrške. Preporučujemo da ažurirate na najnoviju verziju sustava Windows 10 sada da biste dobili najnovije značajke i sigurnosna poboljšanja.</value>
    </string>
    <string id="812">
      <value>Saznajte više</value>
    </string>
    <url id="813">
      <value>https://aka.ms/AA562qu</value>
    </url>
  </settings>
  <toasts>
    <string id="832">
      <value>Ponovno pokretanje i ažuriranje za nastavak podrške</value>
    </string>
    <string id="833">
      <value>Podrška za Ažuriranje Windows 10 za travanj 2018. završava u studenom 2019. Ponovno pokrenite uređaj radi instalacije podržane verzije sustava Windows.</value>
    </string>
  </toasts>
</campaign>