{"ACTIVECAMPAIGNS":[{"ConfigLocation":"https://settings-win.data.microsoft.com/settings/v2.0/wsd/UNPConfig_Currency","DetectorAllowedLocations":["Software\\Microsoft\\UNP\\Detector\\{F6055168-F512-4168-87AF-EAC2D822426D}\\State","SOFTWARE\\Microsoft\\UNP\\UpdateNotificationMgr\\UNPCampaigns\\{F6055168-F512-4168-87AF-EAC2D822426D}","SOFTWARE\\Microsoft\\UNP\\Settings"],"ID":"{F6055168-F512-4168-87AF-EAC2D822426D}","Name":"CompatBlockDPA","PreserveContent":"False","RestrictDetectorWrites":"True"},{"ConfigLocation":"https://settings-win.data.microsoft.com/settings/v2.0/wsd/UNPConfig_Currency","DetectorAllowedLocations":["Software\\Microsoft\\UNP\\Detector\\{1FEDD8CF-7C16-4773-BC5A-5522162F97E0}\\State","SOFTWARE\\Microsoft\\UNP\\UpdateNotificationMgr\\UNPCampaigns\\{1FEDD8CF-7C16-4773-BC5A-5522162F97E0}","SOFTWARE\\Microsoft\\UNP\\Settings"],"ID":"{1FEDD8CF-7C16-4773-BC5A-5522162F97E0}","Name":"RS4_EOS_Strings","PreserveContent":"False","RestrictDetectorWrites":"True"}],"ALLOWEDEXECUTABLES":[],"ALLOWEDURIS":[],"GLOBALSHUTOFF":"No","NAMEDARGUMENTSLIST":[],"REVISION":"3"}