<campaign name="RS4 Rollout EOS Reboot Post 10B">
  <dialogs>
    <string id="832">
      <value>Κάντε επανεκκίνηση και ενημέρωση, για να συνεχίσετε να λαμβάνετε υποστήριξη</value>
    </string>
    <string id="833">
      <value>Η υποστήριξη για την Ενημέρωση Απριλίου 2018 των Windows 10 λήγει τον Νοέμβριο του 2019. Κάντε επανεκκίνηση για εγκατάσταση ενημερώσεων.</value>
    </string>
    <string id="837">
      <value>Κάντε επανεκκίνηση και ενημέρωση, για να συνεχίσετε να λαμβάνετε υποστήριξη</value>
    </string>
    <string id="838">
      <value>Η υποστήριξη για την Ενημέρωση Απριλίου 2018 των Windows 10 λήγει τον Νοέμβριο του 2019. Κάντε επανεκκίνηση και εγκαταστήστε την πιο πρόσφατη έκδοση των Windows, για να λάβετε τις τελευταίες ενημερώσεις ασφαλείας και υποστήριξη.</value>
    </string>
    <string id="842">
      <value>Κάντε επανεκκίνηση και ενημέρωση τώρα, για να συνεχίσετε να λαμβάνετε υποστήριξη</value>
    </string>
    <string id="843">
      <value>Μετά τον Νοέμβριο του 2019, η Ενημέρωση Απριλίου 2018 των Windows 10 δεν θα λαμβάνει ενημερώσεις ασφαλείας ή τεχνική υποστήριξη. Κάντε επανεκκίνηση και εγκαταστήστε την τελευταία έκδοση των Windows, για να συνεχίσετε να λαμβάνετε υποστήριξη.</value>
    </string>
    <string id="846">
      <value>Προγραμματισμένη αυτόματη επανεκκίνηση για σημαντικές ενημερώσεις</value>
    </string>
    <string id="847">
      <value>Κάντε επανεκκίνηση τώρα, για να λάβετε την πιο πρόσφατη υποστηριζόμενη έκδοση των Windows. Διαφορετικά, θα προσπαθήσουμε να κάνουμε την επανεκκίνηση εκτός των ωρών ενεργής χρήσης σας. Απλώς φροντίστε να αφήσετε τη συσκευή σας ενεργοποιημένη και συνδεδεμένη στο ρεύμα.</value>
    </string>
    <string id="851">
      <value>Με αυτήν την ενημέρωση, θα εκτελείτε μια υποστηριζόμενη έκδοση των Windows. Κάντε επανεκκίνηση τώρα και αφήστε τη συσκευή σας ενεργοποιημένη και συνδεδεμένη στο ρεύμα. Διαφορετικά, θα δοκιμάσουμε ξανά αργότερα.</value>
    </string>
    <string id="855">
      <value>Ήρθε η ώρα να κάνετε επανεκκίνηση, για να συνεχίσετε να λαμβάνετε υποστήριξη</value>
    </string>
    <string id="856">
      <value>Δεν ήταν δυνατή η επανεκκίνηση για την ενημέρωση της συσκευής σας κατά την προγραμματισμένη ώρα. Μπορεί να ήταν απενεργοποιημένη, να είχε χαμηλή μπαταρία ή να ήταν σε χρήση. Κάντε επανεκκίνηση τώρα, για να παραμείνετε ενημερωμένοι.</value>
    </string>
    <string id="860">
      <value>Κάντε επανεκκίνηση τώρα, για να εγκαταστήσετε μια υποστηριζόμενη έκδοση των Windows. Διαφορετικά, θα προσπαθήσουμε ξανά σύντομα και θα λάβετε μια υπενθύμιση 15 λεπτά πριν από την έναρξη της επανεκκίνησης. Αφήστε τη συσκευή σας ενεργοποιημένη και συνδεδεμένη στο ρεύμα, για να λάβετε αυτήν την ενημέρωση.</value>
    </string>
    <string id="864">
      <value>Θα εγκατασταθεί η πιο πρόσφατη υποστηριζόμενη έκδοση των Windows, ώστε να παραμείνετε προστατευμένοι. Αφήστε τη συσκευή σας ενεργοποιημένη και συνδεδεμένη στο ρεύμα, για να λάβετε την ενημέρωση.</value>
    </string>
  </dialogs>
  <settings>
    <string id="810">
      <value>Επί του παρόντος, εκτελείτε μια έκδοση των Windows για την οποία η υποστήριξη πρόκειται να λήξει σύντομα. Σας συνιστούμε να κάνετε ενημέρωση στην πιο πρόσφατη έκδοση των Windows 10 τώρα, για να λάβετε τις τελευταίες δυνατότητες και βελτιώσεις ασφαλείας.</value>
    </string>
    <string id="812">
      <value>Μάθετε περισσότερα</value>
    </string>
    <url id="813">
      <value>https://aka.ms/AA562qu</value>
    </url>
  </settings>
  <toasts>
    <string id="832">
      <value>Κάντε επανεκκίνηση και ενημέρωση, για να συνεχίσετε να λαμβάνετε υποστήριξη</value>
    </string>
    <string id="833">
      <value>Η υποστήριξη για την Ενημέρωση Απριλίου 2018 των Windows 10 λήγει τον Νοέμβριο του 2019. Κάντε επανεκκίνηση για εγκατάσταση ενημερώσεων.</value>
    </string>
  </toasts>
</campaign>