<campaign name="RS4 Rollout EOS Reboot Post 10B">
  <dialogs>
    <string id="832">
      <value>Opnieuw opstarten en bijwerken om ondersteuning te blijven ontvangen</value>
    </string>
    <string id="833">
      <value>Ondersteuning voor de update voor Windows 10, april 2018 eindigt in november 2019. Start opnieuw op om de updates te installeren.</value>
    </string>
    <string id="837">
      <value>Opnieuw opstarten en bijwerken om ondersteuning te blijven ontvangen</value>
    </string>
    <string id="838">
      <value>Ondersteuning voor de update voor Windows 10, april 2018 eindigt in november 2019. Start opnieuw op en installeer de nieuwste versie van Windows om de nieuwste beveiligingsupdates en ondersteuning te ontvangen.</value>
    </string>
    <string id="842">
      <value>Nu opnieuw opstarten en bijwerken om ondersteuning te blijven ontvangen</value>
    </string>
    <string id="843">
      <value>Na november 2019 ontvangt de update voor Windows 10, april 2018 geen beveiligingsupdates of technische ondersteuning meer. Start opnieuw op en installeer de nieuwste versie van Windows om ondersteuning te blijven ontvangen.</value>
    </string>
    <string id="846">
      <value>Automatisch opnieuw opstarten is gepland voor belangrijke updates</value>
    </string>
    <string id="847">
      <value>Start nu opnieuw op om de nieuwste ondersteunde versie van Windows te ontvangen. Anders proberen we opnieuw op te starten buiten uw gebruikstijden. Zorg ervoor dat uw apparaat is ingeschakeld en aangesloten.</value>
    </string>
    <string id="851">
      <value>Na deze update gebruikt u een ondersteunde versie van Windows. Start nu opnieuw op en laat uw apparaat ingeschakeld en aangesloten. Of we proberen het later opnieuw.</value>
    </string>
    <string id="855">
      <value>Het is tijd om opnieuw op te starten om ondersteuning te blijven ontvangen</value>
    </string>
    <string id="856">
      <value>Uw apparaat kon niet op het geplande tijdstip opnieuw worden opgestart en worden bijgewerkt. Het apparaat was mogelijk uitgeschakeld of in gebruik of de accu was bijna leeg. Start nu opnieuw op om up-to-date te blijven.</value>
    </string>
    <string id="860">
      <value>Start nu opnieuw op om een ondersteunde versie van Windows te installeren. Anders proberen we het binnenkort opnieuw en ontvangt u een herinnering 15 minuten voordat het apparaat opnieuw wordt opgestart. Laat het apparaat ingeschakeld en aangesloten om deze update te ontvangen.</value>
    </string>
    <string id="864">
      <value>De nieuwste ondersteunde versie van Windows wordt geïnstalleerd om te zorgen u beveiligd blijft. Laat het apparaat ingeschakeld en aangesloten om de update te ontvangen.</value>
    </string>
  </dialogs>
  <settings>
    <string id="810">
      <value>U gebruikt momenteel een versie van Windows waarvan het einde van de ondersteuning nadert. We raden u aan nu bij te werken naar de meest recente versie van Windows 10, zodat u de nieuwste functies en beveiligingsverbeteringen krijgt.</value>
    </string>
    <string id="812">
      <value>Meer informatie</value>
    </string>
    <url id="813">
      <value>https://aka.ms/AA562qu</value>
    </url>
  </settings>
  <toasts>
    <string id="832">
      <value>Opnieuw opstarten en bijwerken om ondersteuning te blijven ontvangen</value>
    </string>
    <string id="833">
      <value>Ondersteuning voor de update voor Windows 10, april 2018 eindigt in november 2019. Start opnieuw op om de updates te installeren.</value>
    </string>
  </toasts>
</campaign>