<campaign name="RS4 Rollout EOS Reboot Post 10B">
  <dialogs>
    <string id="832">
      <value>Riavviare e aggiornare per rimanere protetto</value>
    </string>
    <string id="833">
      <value>Il supporto per l'Aggiornamento di Windows 10 (aprile 2018) termina a novembre 2019. Riavvia per installare una versione di Windows supportata.</value>
    </string>
    <string id="837">
      <value>Riavvia e aggiorna per rimanere protetto</value>
    </string>
    <string id="838">
      <value>Il supporto per l'Aggiornamento di Windows 10 (aprile 2018) termina a novembre 2019. Riavvia e installa la versione più recente di Windows per ottenere gli aggiornamenti di sicurezza e il supporto più recenti.</value>
    </string>
    <string id="842">
      <value>Riavvia e aggiorna ora per rimanere protetto</value>
    </string>
    <string id="843">
      <value>Dopo novembre 2019, l'Aggiornamento di Windows 10 (aprile 2018) non riceverà gli aggiornamenti di sicurezza né il supporto tecnico. Riavvia e installa la versione più recente di Windows per rimanere protetto.</value>
    </string>
    <string id="846">
      <value>Riavvio automatico pianificato per gli aggiornamenti importanti</value>
    </string>
    <string id="847">
      <value>Riavvia ora per ottenere la versione più recente di Windows supportata. In caso contrario, proveremo a riavviare non durante l'orario di attività. Assicurati solo che il tuo dispositivo sia acceso e collegato all'alimentazione.</value>
    </string>
    <string id="851">
      <value>Con questo aggiornamento verrà eseguita una versione supportata di Windows. Riavvia ora e lascia il dispositivo acceso e collegato. In alternativa, riproveremo più tardi.</value>
    </string>
    <string id="855">
      <value>È il momento di riavviare per rimanere protetto</value>
    </string>
    <string id="856">
      <value>Non è stato possibile riavviare per aggiornare il dispositivo all'ora pianificata. È possibile che il dispositivo sia spento, abbia la batteria scarica o sia in uso. Riavvia ora per rimanere aggiornato.</value>
    </string>
    <string id="860">
      <value>Riavvia ora per installare una versione di Windows supportata. In caso contrario, riproveremo a breve e verrà visualizzato un promemoria 15 minuti prima dell'inizio del riavvio. Lascia il tuo dispositivo acceso e collegato all'alimentazione per ottenere questo aggiornamento.</value>
    </string>
    <string id="864">
      <value>Verrà installata la versione più recente di Windows supportata per aiutarti a rimanere protetto. Lascia il tuo dispositivo acceso e collegato all'alimentazione per ottenere l'aggiornamento.</value>
    </string>
  </dialogs>
  <settings>
    <string id="810">
      <value>Attualmente viene eseguita una versione di Windows prossima alla fine del supporto. Ti consigliamo di eseguire l'aggiornamento alla versione più recente di Windows 10 per ottenere le ultime funzionalità e i miglioramenti di sicurezza.</value>
    </string>
    <string id="812">
      <value>Altre info</value>
    </string>
    <url id="813">
      <value>https://aka.ms/AA562qu</value>
    </url>
  </settings>
  <toasts>
    <string id="832">
      <value>Riavvia e aggiorna per rimanere protetto</value>
    </string>
    <string id="833">
      <value>Il supporto per l'Aggiornamento di Windows 10 (aprile 2018) termina a novembre 2019. Riavvia per installare una versione di Windows supportata.</value>
    </string>
  </toasts>
</campaign>