<campaign name="RS4 Rollout EOS Reboot Post 10B">
  <dialogs>
    <string id="832">
      <value>Khởi động lại và cập nhật để tiếp tục nhận hỗ trợ</value>
    </string>
    <string id="833">
      <value>Hỗ trợ dành cho Bản cập nhật Windows 10 tháng 4 năm 2018 sẽ kết thúc vào tháng 11 năm 2019. Khởi động lại để cài đặt phiên bản Windows được hỗ trợ.</value>
    </string>
    <string id="837">
      <value>Khởi động lại và cập nhật để tiếp tục nhận hỗ trợ</value>
    </string>
    <string id="838">
      <value>Hỗ trợ dành cho Bản cập nhật Windows 10 tháng 4 năm 2018 sẽ kết thúc vào tháng 11 năm 2019. Khởi động lại và cài đặt phiên bản Windows mới nhất để nhận hỗ trợ và các bản cập nhật bảo mật mới nhất.</value>
    </string>
    <string id="842">
      <value>Khởi động lại và cập nhật ngay để tiếp tục nhận hỗ trợ</value>
    </string>
    <string id="843">
      <value>Sau tháng 11 năm 2019, Bản cập nhật Windows 10 tháng 4 năm 2018 sẽ không nhận được các bản cập nhật bảo mật hoặc hỗ trợ kỹ thuật nữa. Khởi động lại và cài đặt phiên bản Windows mới nhất để tiếp tục nhận hỗ trợ.</value>
    </string>
    <string id="846">
      <value>Đã lên lịch khởi động lại tự động cho các bản cập nhật quan trọng</value>
    </string>
    <string id="847">
      <value>Khởi động lại ngay để nhận phiên bản Windows được hỗ trợ mới nhất. Nếu không, chúng tôi sẽ cố gắng khởi động lại ngoài giờ hoạt động của bạn. Chỉ cần đảm bảo thiết bị của bạn được bật và cắm điện.</value>
    </string>
    <string id="851">
      <value>Với bản cập nhật này, bạn sẽ chạy phiên bản Windows được hỗ trợ. Khởi động lại ngay cũng như hãy bật và cắm điện thiết bị. Hoặc chúng tôi sẽ thử lại sau.</value>
    </string>
    <string id="855">
      <value>Đã đến lúc khởi động lại để tiếp tục nhận hỗ trợ</value>
    </string>
    <string id="856">
      <value>Chúng tôi không thể khởi động lại để cập nhật thiết bị của bạn tại thời điểm đã lên lịch. Thiết bị có thể đã bị tắt, sắp hết pin hoặc đang được sử dụng. Khởi động lại ngay để được cập nhật.</value>
    </string>
    <string id="860">
      <value>Khởi động lại ngay để cài đặt phiên bản Windows được hỗ trợ. Nếu không, chúng tôi sẽ sớm thử lại và nhắc bạn 15 phút trước khi bắt đầu khởi động lại. Hãy bật và cắm điện thiết bị của bạn để nhận bản cập nhật này.</value>
    </string>
    <string id="864">
      <value>Phiên bản Windows được hỗ trợ mới nhất sẽ được cài đặt để giúp bạn tiếp tục được bảo vệ. Hãy bật và cắm điện thiết bị của bạn để nhận bản cập nhật.</value>
    </string>
  </dialogs>
  <settings>
    <string id="810">
      <value>Bạn hiện đang chạy phiên bản Windows sắp đến hạn kết thúc hỗ trợ. Bạn nên cập nhật ngay lên phiên bản Windows 10 mới nhất để nhận các cải tiến về bảo mật cùng tính năng mới nhất.</value>
    </string>
    <string id="812">
      <value>Tìm hiểu Thêm</value>
    </string>
    <url id="813">
      <value>https://aka.ms/AA562qu</value>
    </url>
  </settings>
  <toasts>
    <string id="832">
      <value>Khởi động lại và cập nhật để tiếp tục nhận hỗ trợ</value>
    </string>
    <string id="833">
      <value>Hỗ trợ dành cho Bản cập nhật Windows 10 tháng 4 năm 2018 sẽ kết thúc vào tháng 11 năm 2019. Khởi động lại để cài đặt phiên bản Windows được hỗ trợ.</value>
    </string>
  </toasts>
</campaign>