<campaign name="RS4 Rollout EOS Reboot Post 10B">
  <dialogs>
    <string id="832">
      <value>Pro zachování podpory restartujte a aktualizujte svoje zařízení</value>
    </string>
    <string id="833">
      <value>Podpora pro aktualizaci Windows 10 z dubna 2018 končí v listopadu 2019. Instalace podporované verze Windows vyžaduje restartování zařízení.</value>
    </string>
    <string id="837">
      <value>Pro zachování podpory restartujte a aktualizujte svoje zařízení</value>
    </string>
    <string id="838">
      <value>Podpora pro aktualizaci Windows 10 z dubna 2018 končí v listopadu 2019. Pokud chcete získat nejnovější aktualizace zabezpečení a podporu, restartujte svoje zařízení a nainstalujte nejnovější verzi Windows.</value>
    </string>
    <string id="842">
      <value>Zachování podpory vyžaduje restartování a aktualizaci vašeho zařízení</value>
    </string>
    <string id="843">
      <value>Po listopadu 2019 nebudou pro aktualizaci Windows 10 z dubna 2018 dostupné aktualizace zabezpečení ani technická podpora. Pokud si chcete zachovat podporu, restartujte svoje zařízení a nainstalujte nejnovější verzi Windows.</value>
    </string>
    <string id="846">
      <value>Kvůli důležitým aktualizacím je naplánované automatické restartování</value>
    </string>
    <string id="847">
      <value>Restartujte teď hned svoje zařízení, aby získalo nejnovější podporovanou verzi Windows. Jinak se pokusíme zařízení restartovat mimo vámi nastavenou dobu aktivního používání. Nechte zařízení zapnuté a napájené ze sítě.</value>
    </string>
    <string id="851">
      <value>Tato aktualizace zajistí, že budete používat podporovanou verzi Windows. Restartujte teď hned svoje zařízení a nechte ho zapnuté a napájené ze sítě. Nebo to zkusíme znovu později.</value>
    </string>
    <string id="855">
      <value>Pro zachování podpory je načase restartovat vaše zařízení</value>
    </string>
    <string id="856">
      <value>V naplánovaném čase se nám nepodařilo restartovat a aktualizovat vaše zařízení. Možná bylo vypnuté, mělo vybitou baterii nebo ho někdo používal. Aby zůstalo v aktuálním stavu, restartujte teď hned svoje zařízení.</value>
    </string>
    <string id="860">
      <value>Restartujte teď hned svoje zařízení, aby mohla proběhnout instalace podporované verze Windows. Jinak to zkusíme brzy znovu a upozorníme vás 15 minut před začátkem restartování. Aby mohlo získat tuto aktualizaci, nechte zařízení zapnuté a napájené ze sítě.</value>
    </string>
    <string id="864">
      <value>Nainstaluje se nejnovější podporovaná verze Windows, která vám pomůže zachovat si ochranu. Aby mohlo získat tuto aktualizaci, nechte zařízení zapnuté a napájené ze sítě.</value>
    </string>
  </dialogs>
  <settings>
    <string id="810">
      <value>V současné době používáte verzi Windows, pro kterou brzy skončí podpora. Doporučujeme vám aktualizovat na nejnovější verzi Windows 10, se kterou získáte nejnovější funkce a vylepšení zabezpečení.</value>
    </string>
    <string id="812">
      <value>Další informace</value>
    </string>
    <url id="813">
      <value>https://aka.ms/AA562qu</value>
    </url>
  </settings>
  <toasts>
    <string id="832">
      <value>Pro zachování podpory restartujte a aktualizujte svoje zařízení</value>
    </string>
    <string id="833">
      <value>Podpora pro aktualizaci Windows 10 z dubna 2018 končí v listopadu 2019. Instalace podporované verze Windows vyžaduje restartování zařízení.</value>
    </string>
  </toasts>
</campaign>