<campaign name="RS4 Rollout EOS Reboot Post 10B">
  <dialogs>
    <string id="832">
      <value>Destek almaya devam etmek için yeniden başlatın ve güncelleştirin</value>
    </string>
    <string id="833">
      <value>Windows 10 Nisan 2018 Güncelleştirmesi desteği Kasım 2019'da sona eriyor. Windows'un desteklenen bir sürümünü yüklemek için yeniden başlatın.</value>
    </string>
    <string id="837">
      <value>Destek almaya devam etmek için yeniden başlatın ve güncelleştirin</value>
    </string>
    <string id="838">
      <value>Windows 10 Nisan 2018 Güncelleştirmesi desteği Kasım 2019'da sona eriyor. En son güvenlik güncelleştirmelerini edinmek ve destek almak için yeniden başlatın ve Windows'un en son sürümünü yükleyin.</value>
    </string>
    <string id="842">
      <value>Destek almaya devam etmek için şimdi yeniden başlatın ve güncelleştirin</value>
    </string>
    <string id="843">
      <value>Kasım 2019'dan sonra Windows 10 Nisan 2018 Güncelleştirmesi, güvenlik güncelleştirmeleri veya teknik destek alamayacaktır. Destek almaya devam etmek için yeniden başlatın ve Windows'un en son sürümünü yükleyin.</value>
    </string>
    <string id="846">
      <value>Önemli güncelleştirmeler için otomatik yeniden başlatma zamanlandı</value>
    </string>
    <string id="847">
      <value>Windows'un desteklenen en son sürümünü edinmek için şimdi yeniden başlatın. Aksi halde etkin saatleriniz dışında yeniden başlatmayı deneyeceğiz. Cihazınızı açık ve fişe takılı olarak bıraktığınızdan emin olun.</value>
    </string>
    <string id="851">
      <value>Bu güncelleştirme ile Windows'un desteklenen bir sürümünü çalıştıracaksınız. Şimdi yeniden başlatıp cihazınızı açık ve fişe takılı olarak bıraktığınızdan emin olun. Aksi halde daha sonra yeniden deneyeceğiz.</value>
    </string>
    <string id="855">
      <value>Destek almaya devam etmek için yeniden başlatmanız gerekiyor</value>
    </string>
    <string id="856">
      <value>Cihazınızı zamanlanan saatte güncelleştirmek için yeniden başlatamadık. Cihazınız kapalı olabilir, pil seviyesi düşük olabilir veya kullanılıyor olabilir. Güncel kalmak için şimdi yeniden başlatın.</value>
    </string>
    <string id="860">
      <value>Windows'un desteklenen bir sürümünü yüklemek için şimdi yeniden başlatın. Aksi halde daha sonra tekrar deneyeceğiz ve yeniden başlatmadan 15 dakika önce size anımsatacağız. Bu güncelleştirmeyi edinmek için cihazınızı açık ve fişe takılı olarak bırakın.</value>
    </string>
    <string id="864">
      <value>Korunmaya devam etmenize yardımcı olması için Windows'un desteklenen en son sürümü yüklenecektir. Güncelleştirmeyi edinmek için cihazınızı açık ve prize takılı olarak bırakın.</value>
    </string>
  </dialogs>
  <settings>
    <string id="810">
      <value>Şu anda destek sonu yaklaşan bir Windows sürümü çalıştırıyorsunuz. En son özellikleri ve güvenlik iyileştirmelerini edinmek için hemen Windows 10'un en son sürümüne güncelleştirmenizi öneririz.</value>
    </string>
    <string id="812">
      <value>Daha Fazla Bilgi</value>
    </string>
    <url id="813">
      <value>https://aka.ms/AA562qu</value>
    </url>
  </settings>
  <toasts>
    <string id="832">
      <value>Destek almaya devam etmek için yeniden başlatın ve güncelleştirin</value>
    </string>
    <string id="833">
      <value>Windows 10 Nisan 2018 Güncelleştirmesi desteği Kasım 2019'da sona eriyor. Windows'un desteklenen bir sürümünü yüklemek için yeniden başlatın.</value>
    </string>
  </toasts>
</campaign>