<campaign name="RS4 Rollout EOS Reboot Post 10B">
  <dialogs>
    <string id="832">
      <value>Reporniți și actualizați pentru a menține asistența</value>
    </string>
    <string id="833">
      <value>Asistența pentru Actualizarea din aprilie 2018 a Windows 10 se încheie în noiembrie 2019. Reporniți pentru a instala o versiune acceptată de Windows.</value>
    </string>
    <string id="837">
      <value>Reporniți și actualizați pentru a menține asistența</value>
    </string>
    <string id="838">
      <value>Asistența pentru Actualizarea din aprilie 2018 a Windows 10 se încheie în noiembrie 2019. Reporniți și instalați cea mai nouă versiune de Windows pentru a obține cele mai recente actualizări de securitate și asistență.</value>
    </string>
    <string id="842">
      <value>Reporniți și actualizați acum pentru a menține asistența</value>
    </string>
    <string id="843">
      <value>După luna noiembrie 2019, Actualizarea din aprilie 2018 a Windows 10 nu va mai primi actualizări de securitate sau asistență tehnică. Reporniți și instalați cea mai recentă versiune de Windows pentru a menține asistența.</value>
    </string>
    <string id="846">
      <value>Repornire automată programată pentru actualizări importante</value>
    </string>
    <string id="847">
      <value>Reporniți acum pentru a obține cea mai recentă versiune acceptată de Windows. Altfel, vom încerca să repornim în afara orelor dvs. activitate. Trebuie să vă asigurați că dispozitivul dvs. este pornit și conectat la priză.</value>
    </string>
    <string id="851">
      <value>Cu această actualizare, veți rula o versiune acceptată de Windows. Reporniți acum și lăsați dispozitivul activat și conectat. Sau vom încerca din nou mai târziu.</value>
    </string>
    <string id="855">
      <value>Este timpul să reporniți pentru a menține asistența</value>
    </string>
    <string id="856">
      <value>Nu am putut reporni pentru a vă actualiza dispozitivul la ora programată. Este posibil să fi fost dezactivat, să fi avut un nivel scăzut al bateriei sau să fie în uz. Reporniți acum pentru a rămâne la zi.</value>
    </string>
    <string id="860">
      <value>Reporniți acum pentru a instala o versiune acceptată de Windows. Altfel, vom încerca din nou în curând și vă vom reaminti cu 15 minute înainte să înceapă repornirea. Dispozitivul dvs. trebuie să fie pornit și conectat la priză pentru a obține această actualizare.</value>
    </string>
    <string id="864">
      <value>Va fi instalată cea mai recentă versiune de Windows acceptată pentru a vă ajuta să rămâneți protejat. Dispozitivul dvs. trebuie să fie pornit și conectat la priză pentru a obține actualizarea.</value>
    </string>
  </dialogs>
  <settings>
    <string id="810">
      <value>În prezent rulați o versiune de Windows care se apropie de sfârșitul perioadei de asistență. Vă recomandăm să actualizați la cea mai recentă versiune de Windows 10 acum pentru a obține cele mai recente caracteristici și îmbunătățiri de securitate.</value>
    </string>
    <string id="812">
      <value>Aflați mai multe</value>
    </string>
    <url id="813">
      <value>https://aka.ms/AA562qu</value>
    </url>
  </settings>
  <toasts>
    <string id="832">
      <value>Reporniți și actualizați pentru a menține asistența</value>
    </string>
    <string id="833">
      <value>Asistența pentru Actualizarea din aprilie 2018 a Windows 10 se încheie în noiembrie 2019. Reporniți pentru a instala o versiune acceptată de Windows.</value>
    </string>
  </toasts>
</campaign>