<campaign name="RS4 Rollout EOS Reboot Post 10B">
  <dialogs>
    <string id="832">
      <value>Start på nytt og oppdater for å beholde kundestøtte</value>
    </string>
    <string id="833">
      <value>Kundestøtten for Windows 10-oppdatering april 2018 avsluttes november 2019. Start på nytt for å installere en støttet versjon av Windows.</value>
    </string>
    <string id="837">
      <value>Start på nytt og oppdater for å beholde kundestøtte</value>
    </string>
    <string id="838">
      <value>Kundestøtten for Windows 10-oppdatering april 2018 avsluttes november 2019. Start på nytt og installer den nyeste versjonen av Windows for å få de nyeste sikkerhetsoppdateringene og kundestøtte.</value>
    </string>
    <string id="842">
      <value>Start på nytt og oppdater nå for å beholde kundestøtte</value>
    </string>
    <string id="843">
      <value>Etter november 2019 vil ikke Windows 10-oppdatering april 2018 motta sikkerhetsoppdateringer eller teknisk støtte. Start på nytt og installer den nyeste versjonen av Windows for å beholde kundestøtte.</value>
    </string>
    <string id="846">
      <value>Automatisk omstart planlagt for viktige oppdateringer</value>
    </string>
    <string id="847">
      <value>Start på nytt nå for å få den nyeste støttede versjonen av Windows. Hvis ikke prøver vi å starte på nytt utenfor aktivitetsperioden. Bare pass på at enheten er slått på og koblet til.</value>
    </string>
    <string id="851">
      <value>Med denne oppdateringen kjører du en støttet versjon av Windows. Start på nytt nå og la enheten være slått på og koblet til. Hvis ikke prøver vi på nytt senere.</value>
    </string>
    <string id="855">
      <value>Det er på tide å starte på nytt for å beholde kundestøtte</value>
    </string>
    <string id="856">
      <value>Vi kunne ikke starte på nytt for å oppdatere enheten din på det planlagte tidspunktet. Den kan ha vært av, hatt lite batteri eller vært i bruk. Start på nytt nå for å holde deg oppdatert.</value>
    </string>
    <string id="860">
      <value>Start på nytt nå for å installere en støttet versjon av Windows. Hvis ikke prøver vi på nytt snart og påminner deg 15 minutter før omstarten begynner. La enheten være på og koblet til for å få denne oppdateringen.</value>
    </string>
    <string id="864">
      <value>Den nyeste støttede versjonen av Windows blir installert for å bidra til å holde deg beskyttet. La enheten være på og koblet til for å få oppdateringen.</value>
    </string>
  </dialogs>
  <settings>
    <string id="810">
      <value>Du kjører for øyeblikket en versjon av Windows som nærmer seg slutten på kundestøtten. Vi anbefaler at du oppdaterer til den nyeste versjonen av Windows 10 nå for å få de nyeste funksjonene og sikkerhetsforbedringene.</value>
    </string>
    <string id="812">
      <value>Les mer</value>
    </string>
    <url id="813">
      <value>https://aka.ms/AA562qu</value>
    </url>
  </settings>
  <toasts>
    <string id="832">
      <value>Start på nytt og oppdater for å beholde kundestøtte</value>
    </string>
    <string id="833">
      <value>Kundestøtten for Windows 10-oppdatering april 2018 avsluttes november 2019. Start på nytt for å installere en støttet versjon av Windows.</value>
    </string>
  </toasts>
</campaign>