<campaign name="RS4 Rollout EOS Reboot Post 10B">
  <dialogs>
    <string id="832">
      <value>Restart and update to stay in support</value>
    </string>
    <string id="833">
      <value>Support for the Windows 10 April 2018 Update ends in November 2019. Restart to install a supported version of Windows.</value>
    </string>
    <string id="837">
      <value>Restart and update to stay in support</value>
    </string>
    <string id="838">
      <value>Support for the Windows 10 April 2018 Update ends in November 2019. Restart and install the newest version of Windows to get the latest security updates and support.</value>
    </string>
    <string id="842">
      <value>Restart and update now to stay supported</value>
    </string>
    <string id="843">
      <value>After November 2019, the Windows 10 April 2018 Update won’t receive security updates or technical support. Restart and install the latest version of Windows to stay in support.</value>
    </string>
    <string id="846">
      <value>Automatic restart scheduled for important updates</value>
    </string>
    <string id="847">
      <value>Restart now to get the latest supported version of Windows. Otherwise, we'll try to restart outside of your active hours. Just make sure to leave your device on and plugged in.</value>
    </string>
    <string id="851">
      <value>With this update, you'll be running a supported version of Windows. Restart now and leave your device on and plugged in. Or we'll try again later.</value>
    </string>
    <string id="855">
      <value>It's time to restart to stay supported</value>
    </string>
    <string id="856">
      <value>We couldn't restart to update your device at the scheduled time. It may have been off, had a low battery, or been in use. Restart now to stay up to date.</value>
    </string>
    <string id="860">
      <value>Restart now to install a supported version of Windows. Otherwise, we'll try again soon and remind you 15 minutes before the restart begins. Leave your device on and plugged in to get this update.</value>
    </string>
    <string id="864">
      <value>The latest supported version of Windows will be installed to help you stay protected. Leave your device on and plugged in to get the update.</value>
    </string>
  </dialogs>
  <settings>
    <string id="810">
      <value>You're currently running a version of Windows that's nearing the end of support. We recommend you update to the most recent version of Windows 10 now to get the latest features and security improvements.</value>
    </string>
    <string id="812">
      <value>Learn More</value>
    </string>
    <url id="813">
      <value>https://aka.ms/AA562qu</value>
    </url>
  </settings>
  <toasts>
    <string id="832">
      <value>Restart and update to stay in support</value>
    </string>
    <string id="833">
      <value>Support for the Windows 10 April 2018 Update ends in November 2019. Restart to install a supported version of Windows.</value>
    </string>
  </toasts>
</campaign>