<campaign name="RS4 Rollout EOS Reboot Post 10B">
  <dialogs>
    <string id="832">
      <value>Znova zaženite in posodobite, da ohranite podporo</value>
    </string>
    <string id="833">
      <value>Podpora za posodobitev sistema Windows 10 v aprilu 2018 se konča novembra 2019. Znova zaženite, da namestite podprto različico sistema Windows.</value>
    </string>
    <string id="837">
      <value>Znova zaženite in posodobite, da ohranite podporo</value>
    </string>
    <string id="838">
      <value>Podpora za posodobitev sistema Windows 10 v aprilu 2018 se konča novembra 2019. Znova zaženite in namestite najnovejšo različico sistema Windows, da vam bodo na voljo najnovejše varnostne posodobitve in podpora.</value>
    </string>
    <string id="842">
      <value>Znova zaženite in posodobite zdaj, da ohranite podporo</value>
    </string>
    <string id="843">
      <value>Po novembru 2019 posodobitev sistema Windows 10 v aprilu 2018 ne bo več prejemala varnostnih posodobitev ali tehnične podpore. Znova zaženite in namestite najnovejšo različico sistema Windows, da ohranite podporo.</value>
    </string>
    <string id="846">
      <value>Načrtovan je samodejni vnovični zagon za pomembne posodobitve</value>
    </string>
    <string id="847">
      <value>Znova zaženite zdaj, da boste dobili najnovejšo podprto različico sistema Windows. Sicer bomo poskušali znova zagnati zunaj vaših ur aktivne uporabe. Poskrbite le, da bo naprava vklopljena in priključena na napajanje.</value>
    </string>
    <string id="851">
      <value>Ko namestite to posodobitev, boste imeli podprto različico sistema Windows. Znova zaženite zdaj in pustite napravo vklopljeno in priključeno na napajanje. Sicer bomo poskušali pozneje.</value>
    </string>
    <string id="855">
      <value>Čas je za vnovični zagon, da ohranite podporo</value>
    </string>
    <string id="856">
      <value>Naprave ob načrtovanem času ni bilo mogoče znova zagnati in je posodobiti. Morda je bila izklopljena ali baterija ni bila dovolj polna oziroma je bila naprava v uporabi. Znova zaženite zdaj, da boste imeli najnovejše posodobitve.</value>
    </string>
    <string id="860">
      <value>Znova zaženite zdaj, da namestite podprto različico sistema Windows. Sicer bomo kmalu znova poskusili in vas opomnili 15 minut pred začetkom vnovičnega zagona. Napravo pustite vklopljeno in priključeno na napajanje, da bo lahko namestila to posodobitev.</value>
    </string>
    <string id="864">
      <value>Nameščena bo najnovejša podprta različica sistema Windows, tako da boste še naprej zaščiteni. Napravo pustite vklopljeno in priključeno na napajanje, da bo lahko namestila posodobitev.</value>
    </string>
  </dialogs>
  <settings>
    <string id="810">
      <value>Trenutno uporabljate različico sistema Windows, za katero se bliža konec podpore. Priporočamo, da zdaj posodobite na najnovejšo različico Windows 10, tako da boste dobili najnovejše funkcije in varnostne izboljšave.</value>
    </string>
    <string id="812">
      <value>Več informacij</value>
    </string>
    <url id="813">
      <value>https://aka.ms/AA562qu</value>
    </url>
  </settings>
  <toasts>
    <string id="832">
      <value>Znova zaženite in posodobite, da ohranite podporo</value>
    </string>
    <string id="833">
      <value>Podpora za posodobitev sistema Windows 10 v aprilu 2018 se konča novembra 2019. Znova zaženite, da namestite podprto različico sistema Windows.</value>
    </string>
  </toasts>
</campaign>