<campaign name="RS4 Rollout EOS Reboot Post 10B">
  <dialogs>
    <string id="832">
      <value>Paleiskite įrenginį iš naujo ir atnaujinkite, kad jums toliau būtų teikiamas palaikymas</value>
    </string>
    <string id="833">
      <value>„Windows 10“ 2018 m. balandžio mėn. naujinimo palaikymas baigiasi 2019 m. lapkritį. Paleiskite įrenginį iš naujo, kad būtų įdiegta palaikoma „Windows“ versija.</value>
    </string>
    <string id="837">
      <value>Paleiskite įrenginį iš naujo ir atnaujinkite, kad jums toliau būtų teikiamas palaikymas</value>
    </string>
    <string id="838">
      <value>„Windows 10“ 2018 m. balandžio mėn. naujinimo palaikymas baigiasi 2019 m. lapkritį. Paleiskite įrenginį iš naujo ir įdiekite naujausią „Windows“ versiją, kad gautumėte naujausius su sauga susijusius naujinimus ir palaikymą.</value>
    </string>
    <string id="842">
      <value>Jau dabar paleiskite įrenginį iš naujo ir atnaujinkite, kad jums toliau būtų teikiamas palaikymas</value>
    </string>
    <string id="843">
      <value>Po 2019 m. lapkričio „Windows 10“ 2018 m. balandžio mėn. naujinimas negaus su sauga susijusių naujinimų arba techninio palaikymo. Paleiskite įrenginį iš naujo ir įdiekite naujausią „Windows“ versiją, kad jums toliau būtų teikiamas palaikymas</value>
    </string>
    <string id="846">
      <value>Suplanuotas automatinis paleidimas iš naujo svarbiems naujinimams įdiegti</value>
    </string>
    <string id="847">
      <value>Jau dabar paleiskite įrenginį iš naujo, kad gautumėte naujausią palaikomą „Windows“ versiją. Kitu atveju bandysime paleisti įrenginį iš naujo, kai jo nenaudosite. Tiesiog įsitikinkite, kad jūsų įrenginys įjungtas ir prijungtas prie maitinimo šaltinio.</value>
    </string>
    <string id="851">
      <value>Įdiegę šį naujinimą jūsų įrenginyje veiks palaikoma „Windows“ versija. Jau dabar paleiskite įrenginį iš naujo ir palikite įrenginį įjungtą ir prijungtą prie maitinimo tinklo. Arba pabandysime vėliau.</value>
    </string>
    <string id="855">
      <value>Metas paleisti įrenginį iš naujo, kad palaikymas būtų teikiamas toliau</value>
    </string>
    <string id="856">
      <value>Nepavyko įrenginio paleisti iš naujo, kad atnaujintume jį suplanuotu laiku. Įrenginys galėjo būti išjungtas, jo akumuliatorius galėjo būti išsekęs arba jis buvo naudojamas. Jau dabar paleiskite įrenginį iš naujo, kad visada gautumėte naujausią informaciją.</value>
    </string>
    <string id="860">
      <value>Jau dabar paleiskite įrenginį iš naujo, kad būtų įdiegta palaikoma „Windows“ versija. Kitu atveju netrukus bandysime vėl ir apie paleidimą iš naujo priminsime likus 15 min. Palikite įrenginį įjungtą ir prijungtą prie maitinimo šaltinio, kad gautumėte šį naujinimą.</value>
    </string>
    <string id="864">
      <value>Naujausia palaikoma „Windows“ versija bus įdiegta siekiant padėti užtikrinti įrenginio apsaugą. Palikite įrenginį įjungtą ir prijungtą prie maitinimo šaltinio, kad gautumėte naujinimą.</value>
    </string>
  </dialogs>
  <settings>
    <string id="810">
      <value>Šiuo metu naudojate „Windows“ versiją, kurios palaikymas artėja į pabaigą. Rekomenduojame jau dabar atnaujinti į naujausią „Windows 10“ versiją, kad gautumėte naujausias funkcijas ir saugos patobulinimus.</value>
    </string>
    <string id="812">
      <value>Sužinoti daugiau</value>
    </string>
    <url id="813">
      <value>https://aka.ms/AA562qu</value>
    </url>
  </settings>
  <toasts>
    <string id="832">
      <value>Paleiskite įrenginį iš naujo ir atnaujinkite, kad jums toliau būtų teikiamas palaikymas</value>
    </string>
    <string id="833">
      <value>„Windows 10“ 2018 m. balandžio mėn. naujinimo palaikymas baigiasi 2019 m. lapkritį. Paleiskite įrenginį iš naujo, kad būtų įdiegta palaikoma „Windows“ versija.</value>
    </string>
  </toasts>
</campaign>