<campaign name="RS4 Rollout EOS Reboot Post 10B">
  <dialogs>
    <string id="832">
      <value>Reinicia y actualiza para seguir disfrutando de soporte</value>
    </string>
    <string id="833">
      <value>El soporte para la Actualización de abril de 2018 de Windows 10 finaliza en noviembre de 2019. Reinicia para instalar una versión con soporte de Windows.</value>
    </string>
    <string id="837">
      <value>Reinicia y actualiza para seguir disfrutando de soporte</value>
    </string>
    <string id="838">
      <value>El soporte para la Actualización de abril de 2018 de Windows 10 finaliza en noviembre de 2019. Reinicia e instala la versión más reciente de Windows para obtener el soporte y las actualizaciones de seguridad más recientes.</value>
    </string>
    <string id="842">
      <value>Reinicia y actualiza ahora para seguir disfrutando de soporte</value>
    </string>
    <string id="843">
      <value>Después de noviembre de 2019, la Actualización de abril de 2018 de Windows 10 no recibirá actualizaciones de seguridad ni soporte técnico. Reinicia e instala la versión más reciente de Windows para seguir disfrutando de soporte.</value>
    </string>
    <string id="846">
      <value>Reinicio automático programado para actualizaciones importantes</value>
    </string>
    <string id="847">
      <value>Reinicia ahora para obtener la versión con soporte más reciente de Windows. De lo contrario, intentaremos reiniciar fuera de las horas activas. Asegúrate de dejar el dispositivo encendido y conectado.</value>
    </string>
    <string id="851">
      <value>Con esta actualización, ejecutarás una versión con soporte de Windows. Reinicia ahora y deja el dispositivo encendido y conectado. O bien, volveremos a intentarlo más tarde.</value>
    </string>
    <string id="855">
      <value>Es hora de reiniciar para seguir disfrutando del soporte</value>
    </string>
    <string id="856">
      <value>No hemos podido reiniciar para actualizar el dispositivo a la hora programada. Es posible que se haya apagado, que tenga poca batería o que se esté usando. Reinicia ahora para mantenerte actualizado.</value>
    </string>
    <string id="860">
      <value>Reinicia ahora para instalar una versión con soporte de Windows. De lo contrario, lo volveremos a intentar pronto y te lo recordaremos 15 minutos antes de que comience el reinicio. Para obtener esta actualización, deja el dispositivo encendido y conectado.</value>
    </string>
    <string id="864">
      <value>Se instalará la versión con soporte más reciente de Windows para ayudarte a seguir estando protegido. Para obtener la actualización, deja el dispositivo encendido y conectado.</value>
    </string>
  </dialogs>
  <settings>
    <string id="810">
      <value>Estás ejecutando una versión de Windows de la que pronto finalizará el soporte. Te recomendamos que actualices a la versión más reciente de Windows 10 ahora para obtener las últimas funciones y mejoras de seguridad.</value>
    </string>
    <string id="812">
      <value>Más información</value>
    </string>
    <url id="813">
      <value>https://aka.ms/AA562qu</value>
    </url>
  </settings>
  <toasts>
    <string id="832">
      <value>Reinicia y actualiza para seguir disfrutando de soporte</value>
    </string>
    <string id="833">
      <value>El soporte para la Actualización de abril de 2018 de Windows 10 finaliza en noviembre de 2019. Reinicia para instalar una versión con soporte de Windows.</value>
    </string>
  </toasts>
</campaign>