<campaign name="RS4 Rollout EOS Reboot Post 10B">
  <dialogs>
    <string id="832">
      <value>Перезавантажте та оновіть пристрій для подальшої підтримки</value>
    </string>
    <string id="833">
      <value>Підтримка оновлення Windows 10 за квітень 2018 р. завершується в листопаді 2019 р. Перезавантажте пристрій, щоб інсталювати оновлення.</value>
    </string>
    <string id="837">
      <value>Перезавантажте та оновіть пристрій для подальшої підтримки</value>
    </string>
    <string id="838">
      <value>Підтримка оновлення Windows 10 за квітень 2018 р. завершується в листопаді 2019 р. Перезавантажте пристрій та оновіть Windows, щоб отримувати оновлення системи безпеки та підтримку.</value>
    </string>
    <string id="842">
      <value>Перезавантажте та оновіть пристрій для подальшої підтримки</value>
    </string>
    <string id="843">
      <value>З грудня 2019 року оновлення Windows 10 за квітень 2018 р. не отримуватиме оновлення системи безпеки та технічну підтримку. Перезавантажте пристрій та інсталюйте останню версію Windows, щоб і надалі отримувати підтримку.</value>
    </string>
    <string id="846">
      <value>Заплановано автоматичне перезавантаження для інсталяції важливих оновлень</value>
    </string>
    <string id="847">
      <value>Перезавантажте пристрій зараз, щоб отримати найновішу підтримувану версію Windows. В іншому разі ми спробуємо перезавантажити комп’ютер поза часом активного використання. Просто переконайтеся, що ви залишите пристрій увімкнутим і підключеним до джерела живлення.</value>
    </string>
    <string id="851">
      <value>Після інсталяції цього оновлення ви працюватимете під керуванням підтримуваної версії Windows. Перезавантажте пристрій зараз і залиште його увімкнутим і підключеним до джерела живлення. Або ми повторимо спробу пізніше.</value>
    </string>
    <string id="855">
      <value>Час перезавантажити пристрій, щоб і надалі отримувати підтримку</value>
    </string>
    <string id="856">
      <value>Не вдалося перезавантажити пристрій у запланований час для інсталяції оновлення. Можливо, його було вимкнуто або він використовувався, або мав низький рівень заряду. Перезавантажте пристрій зараз, щоб підтримувати його в актуальному стані.</value>
    </string>
    <string id="860">
      <value>Перезавантажте пристрій зараз, щоб інсталювати найновішу підтримувану версію Windows. В іншому випадку ми спробуємо знов і нагадаємо за 15 хвилин до початку перезавантаження. Залиште пристрій увімкнутим і підключеним до джерела живлення, щоб отримати це оновлення.</value>
    </string>
    <string id="864">
      <value>Буде встановлено останню підтримувану версію Windows, яка допоможе захистити ваш пристрій. Залиште пристрій увімкнутим і підключеним до джерела живлення, щоб отримати оновлення.</value>
    </string>
  </dialogs>
  <settings>
    <string id="810">
      <value>Зараз ви працюєте під керуванням версії Windows, підтримка якої завершується. Радимо оновити пристрій до останньої версії Windows 10 зараз, щоб отримувати нові функції та покращення системи безпеки.</value>
    </string>
    <string id="812">
      <value>Докладніше</value>
    </string>
    <url id="813">
      <value>https://aka.ms/AA562qu</value>
    </url>
  </settings>
  <toasts>
    <string id="832">
      <value>Перезавантажте та оновіть пристрій для подальшої підтримки</value>
    </string>
    <string id="833">
      <value>Підтримка оновлення Windows 10 за квітень 2018 р. завершується в листопаді 2019 р. Перезавантажте пристрій, щоб інсталювати оновлення.</value>
    </string>
  </toasts>
</campaign>