<campaign name="RS4 Rollout EOS Reboot Post 10B">
  <dialogs>
    <string id="832">
      <value>Genstart, og opdater for at bevare supporten</value>
    </string>
    <string id="833">
      <value>Supporten til Windows 10 April 2018-opdateringen slutter i november 2019. Genstart for at installere en version af Windows med support.</value>
    </string>
    <string id="837">
      <value>Genstart, og opdater for at bevare supporten</value>
    </string>
    <string id="838">
      <value>Supporten til Windows 10 April 2018-opdateringen slutter i november 2019. Genstart, og installér den nyeste version af Windows for at få de seneste sikkerhedsopdateringer og bevare supporten.</value>
    </string>
    <string id="842">
      <value>Genstart, og opdater nu for at bevare supporten</value>
    </string>
    <string id="843">
      <value>Efter november 2019 vil Windows 10 April 2018-opdateringen ikke modtage sikkerhedsopdateringer eller teknisk support. Genstart og installér den nyeste version af Windows for at bevare supporten.</value>
    </string>
    <string id="846">
      <value>Automatisk genstart er planlagt med henblik på vigtige opdateringer</value>
    </string>
    <string id="847">
      <value>Genstart nu for at få den nyeste version af Windows med support. Ellers forsøger vi at genstarte uden for dine aktive timer. Sørg blot for, at din enhed er tændt og tilsluttet.</value>
    </string>
    <string id="851">
      <value>Når du har fået denne opdatering, kører du en version af Windows med support. Genstart nu, og lad enheden være tændt og tilsluttet. Ellers prøver vi igen senere.</value>
    </string>
    <string id="855">
      <value>Det er tid til at genstarte for at bevare supporten</value>
    </string>
    <string id="856">
      <value>Vi kunne ikke genstarte for at opdatere enheden på det planlagte tidspunkt. Måske var den slukket, batteriniveauet var lavt, eller den var i brug. Genstart nu for at holde dig opdateret.</value>
    </string>
    <string id="860">
      <value>Genstart nu for at installere en version af Windows med support. Ellers prøver vi igen snart og påminder dig, 15 minutter før genstarten begynder. Sørg for, at din enhed er tændt og tilsluttet for at få denne opdatering.</value>
    </string>
    <string id="864">
      <value>Den nyeste version af Windows med support installeres for at hjælpe dig med at bevare beskyttelsen. Sørg for, at din enhed er tændt og tilsluttet for at få opdateringen.</value>
    </string>
  </dialogs>
  <settings>
    <string id="810">
      <value>Du kører i øjeblikket en version af Windows, der nærmer sig slutdatoen for support. Vi anbefaler, at du opdaterer til den nyeste version af Windows 10 nu for at få de seneste funktioner og sikkerhedsforbedringer.</value>
    </string>
    <string id="812">
      <value>Få mere at vide</value>
    </string>
    <url id="813">
      <value>https://aka.ms/AA562qu</value>
    </url>
  </settings>
  <toasts>
    <string id="832">
      <value>Genstart, og opdater for at bevare supporten</value>
    </string>
    <string id="833">
      <value>Supporten til Windows 10 April 2018-opdateringen slutter i november 2019. Genstart for at installere en version af Windows med support.</value>
    </string>
  </toasts>
</campaign>