<campaign name="RS4 Rollout EOS Reboot Post 10B">
  <dialogs>
    <string id="832">
      <value>Redémarrez et effectuez la mise à jour pour conserver le support</value>
    </string>
    <string id="833">
      <value>Le support de la Mise à jour d'avril 2018 de Windows 10 se termine en novembre 2019. Redémarrez pour installer une version de Windows prise en charge.</value>
    </string>
    <string id="837">
      <value>Redémarrez et effectuez la mise à jour pour conserver le support</value>
    </string>
    <string id="838">
      <value>Le support de la Mise à jour d'avril 2018 de Windows 10 se termine en novembre 2019. Redémarrez et installez la dernière version de Windows pour obtenir les dernières mises à jour de sécurité et bénéficier du support.</value>
    </string>
    <string id="842">
      <value>Redémarrez et effectuez une mise à jour pour continuer à bénéficier du support</value>
    </string>
    <string id="843">
      <value>Après novembre 2019, la Mise à jour d'avril 2018 de Windows 10 ne recevra plus de mises à jour de sécurité ou de support technique. Redémarrez et installez la dernière version de Windows pour conserver le support.</value>
    </string>
    <string id="846">
      <value>Redémarrage automatique planifié pour les mises à jour importantes</value>
    </string>
    <string id="847">
      <value>Redémarrez dès maintenant pour obtenir la dernière version de Windows prise en charge. Sinon, nous essaierons de redémarrer en dehors de vos heures d’activité. Assurez-vous simplement que votre appareil reste activé et branché.</value>
    </string>
    <string id="851">
      <value>Avec cette mise à jour, vous exécuterez une version de Windows prise en charge. Redémarrez maintenant et laissez votre appareil allumé et branché. Sinon, nous essaierons à nouveau plus tard.</value>
    </string>
    <string id="855">
      <value>Il est temps de redémarrer pour conserver le support</value>
    </string>
    <string id="856">
      <value>Nous n’avons pas pu redémarrer pour mettre à jour votre appareil à l’heure planifiée. Il se peut qu’il ait été éteint, que sa batterie ait été déchargée ou qu’il se soit trouvé en cours d’utilisation. Redémarrez dès maintenant pour rester à jour.</value>
    </string>
    <string id="860">
      <value>Redémarrez dès maintenant pour installer une version de Windows prise en charge. Sinon, nous réessaierons prochainement et nous vous rappellerons 15 minutes avant le début du redémarrage. Laissez votre appareil activé et branché pour recevoir cette mise à jour.</value>
    </string>
    <string id="864">
      <value>La dernière version de Windows prise en charge sera installée pour vous aider à rester protégé. Laissez votre appareil activé et branché pour recevoir la mise à jour.</value>
    </string>
  </dialogs>
  <settings>
    <string id="810">
      <value>Vous utilisez actuellement une version de Windows dont la fin du support est proche. Nous vous conseillons d'effectuer une mise à jour vers la dernière version de Windows 10 pour recevoir les fonctionnalités et les améliorations de sécurité les plus récentes.</value>
    </string>
    <string id="812">
      <value>En savoir plus</value>
    </string>
    <url id="813">
      <value>https://aka.ms/AA562qu</value>
    </url>
  </settings>
  <toasts>
    <string id="832">
      <value>Redémarrez et effectuez la mise à jour pour conserver le support</value>
    </string>
    <string id="833">
      <value>Le support de la Mise à jour d'avril 2018 de Windows 10 se termine en novembre 2019. Redémarrez pour installer une version de Windows prise en charge.</value>
    </string>
  </toasts>
</campaign>