<campaign name="RS4 Rollout EOS Reboot Post 10B">
  <dialogs>
    <string id="832">
      <value>Újraindítás és frissítés a támogatásban való további részvételhez</value>
    </string>
    <string id="833">
      <value>A Windows 10 2018. áprilisi frissítésének támogatása 2019 novemberében megszűnik. A frissítések telepítéséhez indítsa újra az eszközt.</value>
    </string>
    <string id="837">
      <value>Újraindítás és frissítés a támogatásban való további részvételhez</value>
    </string>
    <string id="838">
      <value>A Windows 10 2018. áprilisi frissítésének támogatása 2019 novemberében megszűnik. A legújabb biztonsági frissítések és támogatás beszerzéséhez indítsa újra az eszközt, és telepítse a Windows legújabb verzióját.</value>
    </string>
    <string id="842">
      <value>Végezzen újraindítást és frissítést most a támogatásban való további részvételhez</value>
    </string>
    <string id="843">
      <value>2019. november után a Windows 10 2018. áprilisi frissítése már nem kap biztonsági frissítéseket vagy technikai támogatást többé. Indítsa újra az eszközt, és telepítse a Windows legújabb verzióját a támogatásban való további részvételhez.</value>
    </string>
    <string id="846">
      <value>Fontos frissítések ütemezett automatikus újraindítása</value>
    </string>
    <string id="847">
      <value>A Windows legújabb támogatott verziójának beszerzéséhez indítsa újra az eszközt most. Ellenkező esetben megpróbáljuk újraindítani az Ön aktív munkaidején kívül. Csak ügyeljen rá, hogy az eszköz bekapcsolva maradjon, és hálózati áramforrásra legyen csatlakoztatva.</value>
    </string>
    <string id="851">
      <value>Ezzel a frissítéssel a Windows egy támogatott verzióját fogja futtatni. Indítsa újra az eszközt most, és hagyja bekapcsolva és tápfeszültséghez csatlakoztatva. Vagy később újból megpróbáljuk.</value>
    </string>
    <string id="855">
      <value>Itt az ideje, hogy újraindítsa az eszközt a támogatásban való további részvételhez</value>
    </string>
    <string id="856">
      <value>Nem sikerült újraindítani az eszközt a frissítéséhez az ütemezett időpontban. Előfordulhat, hogy ki volt kapcsolva, alacsony töltöttségi szint volt, vagy használatban volt. Indítson újra most a naprakészen maradáshoz.</value>
    </string>
    <string id="860">
      <value>A Windows legújabb támogatott verziójának telepítéséhez indítsa újra az eszközt most. Ellenkező esetben hamarosan újra próbálkozunk, és az újraindítás megkezdése előtt 15 perccel emlékeztetjük. A frissítéshez hagyja az eszközt bekapcsolva és tápfeszültségre csatlakoztatva.</value>
    </string>
    <string id="864">
      <value>A Windows legújabb támogatott verzióját telepíti a rendszer a biztonságos működés érdekében. A frissítéshez hagyja az eszközt bekapcsolva és tápfeszültségre csatlakoztatva.</value>
    </string>
  </dialogs>
  <settings>
    <string id="810">
      <value>Jelenleg a Windows egy olyan verzióját futtatja, amelynél közeledik a támogatás vége. A legújabb funkciók és biztonsági fejlesztések beszerzéséhez javasoljuk, hogy frissítsen a Windows 10 legújabb verziójára.</value>
    </string>
    <string id="812">
      <value>További információk</value>
    </string>
    <url id="813">
      <value>https://aka.ms/AA562qu</value>
    </url>
  </settings>
  <toasts>
    <string id="832">
      <value>Újraindítás és frissítés a támogatásban való további részvételhez</value>
    </string>
    <string id="833">
      <value>A Windows 10 2018. áprilisi frissítésének támogatása 2019 novemberében megszűnik. A frissítések telepítéséhez indítsa újra az eszközt.</value>
    </string>
  </toasts>
</campaign>