<campaign name="RS4 Rollout EOS Reboot Post 10B">
  <dialogs>
    <string id="832">
      <value>Restartēšana un atjaunināšana, lai nezaudētu atbalstu</value>
    </string>
    <string id="833">
      <value>Atbalsts Windows 10 atjauninājumam (2018. gada aprīlis) beidzas 2019. gada novembrī. Restartējiet, lai instalētu atbalstītu Windows versiju.</value>
    </string>
    <string id="837">
      <value>Restartēšana un atjaunināšana, lai nezaudētu atbalstu</value>
    </string>
    <string id="838">
      <value>Atbalsts Windows 10 atjauninājumam (2018. gada aprīlis) beidzas 2019. gada novembrī. Lai saņemtu jaunākos drošības atjauninājumus un atbalstu, restartējiet un instalējiet jaunāko Windows versiju.</value>
    </string>
    <string id="842">
      <value>Lai nezaudētu atbalstu, tagad restartējiet un atjauniniet</value>
    </string>
    <string id="843">
      <value>Pēc 2019. gada novembra Windows 10 atjauninājums (2018. gada aprīlis) nesaņems ne drošības atjauninājumus, ne tehnisko atbalstu. Lai nezaudētu atbalstu, restartējiet un instalējiet jaunāko Windows versiju.</value>
    </string>
    <string id="846">
      <value>Ieplānota automātiska restartēšana, lai veiktu svarīgos atjauninājumus</value>
    </string>
    <string id="847">
      <value>Tagad restartējiet, lai iegūtu jaunāko atbalstīto Windows versiju. Pretējā gadījumā mēģināsim veikt restartēšanu ārpus jūsu aktīvās izmantošanas laika. Vienkārši gādājiet, lai ierīce paliktu ieslēgta un pievienota elektrotīklam.</value>
    </string>
    <string id="851">
      <value>Līdz ar šo atjauninājumu jums būs atbalstīta Windows versija. Tagad restartējiet un atstājiet ierīci ieslēgtu un pievienotu elektrotīklam. Vai mēģināsim vēlreiz vēlāk.</value>
    </string>
    <string id="855">
      <value>Lai nezaudētu atbalstu, ir laiks restartēt</value>
    </string>
    <string id="856">
      <value>Plānotajā laikā neizdevās restartēt, lai atjauninātu jūsu ierīci. Iespējams, ka tā bija izslēgta vai tika lietota vai tai bija zems akumulatora uzlādes līmenis. Tagad restartējiet, lai viss būtu atjaunināts.</value>
    </string>
    <string id="860">
      <value>Tagad restartējiet, lai instalētu atbalstītu Windows versiju. Pretējā gadījumā mēs drīz mēģināsim vēlreiz un atgādināsim jums 15 minūtes pirms restartēšanas sākuma. Lai iegūtu šo atjauninājumu, atstājiet ierīci ieslēgtu un pievienotu elektrotīklam.</value>
    </string>
    <string id="864">
      <value>Tiks instalēta jaunākā atbalstītā Windows versija, kas palīdzēs jums būt aizsargātam. Lai iegūtu atjauninājumu, atstājiet ierīci ieslēgtu un pievienotu elektrotīklam.</value>
    </string>
  </dialogs>
  <settings>
    <string id="810">
      <value>Pašlaik jums darbojas Windows versija, kam tuvojas atbalsta beigu termiņš. Iesakām tagad atjaunināt uz visjaunāko Windows 10 versiju, lai iegūtu jaunākos līdzekļus un drošības uzlabojumus.</value>
    </string>
    <string id="812">
      <value>Papildinformācija</value>
    </string>
    <url id="813">
      <value>https://aka.ms/AA562qu</value>
    </url>
  </settings>
  <toasts>
    <string id="832">
      <value>Restartēšana un atjaunināšana, lai nezaudētu atbalstu</value>
    </string>
    <string id="833">
      <value>Atbalsts Windows 10 atjauninājumam (2018. gada aprīlis) beidzas 2019. gada novembrī. Restartējiet, lai instalētu atbalstītu Windows versiju.</value>
    </string>
  </toasts>
</campaign>