<campaign name="RS4 Rollout EOS Reboot Post 10B">
  <dialogs>
    <string id="832">
      <value>Neustart und Update durchführen, um weiterhin Support zu erhalten</value>
    </string>
    <string id="833">
      <value>Der Support für das Windows 10 April 2018 Update endet im November 2019. Führen Sie zum Inst. einer unterst. Version von Windows einen Neustart durch.</value>
    </string>
    <string id="837">
      <value>Neustart und Update durchführen, um weiterhin Support zu erhalten</value>
    </string>
    <string id="838">
      <value>Der Support für das Windows 10 April 2018 Update endet im November 2019. Führen Sie einen Neustart durch und installieren Sie die neueste Version von Windows, um die neuesten Sicherheitsupdates und Support zu erhalten.</value>
    </string>
    <string id="842">
      <value>Jetzt Neustart und Update durchführen, um weiterhin Support zu erhalten</value>
    </string>
    <string id="843">
      <value>Nach November 2019 sind für das Windows 10 April 2018 Update weder Sicherheitsupdates noch technischer Support verfügbar. Führen Sie einen Neustart durch und installieren Sie die neueste Version von Windows, um weiterhin Support zu erhalten.</value>
    </string>
    <string id="846">
      <value>Automatischer Neustart für wichtige Updates geplant</value>
    </string>
    <string id="847">
      <value>Führen Sie jetzt einen Neustart durch, um die neueste unterstützte Version von Windows zu erhalten. Andernfalls versuchen wir, außerhalb Ihrer Nutzungszeiten einen Neustart durchzuführen. Lassen Sie Ihr Gerät angeschlossen und eingeschaltet.</value>
    </string>
    <string id="851">
      <value>Mit diesem Update wird eine unterstützte Version von Windows ausgeführt. Führen Sie jetzt einen Neustart durch, und lassen Sie Ihr Gerät eingeschaltet und angeschlossen. Oder wir versuchen es später erneut.</value>
    </string>
    <string id="855">
      <value>Es ist an der Zeit, einen Neustart durchzuführen, um weiterhin Support zu erhalten</value>
    </string>
    <string id="856">
      <value>Wir konnten Ihr Gerät zur geplanten Zeit nicht neu starten und aktualisieren. Möglicherweise war es ausgeschaltet, hatte einen niedrigen Akkustand oder war in Verwendung. Führen Sie jetzt einen Neustart durch, um auf dem neuesten Stand zu bleiben.</value>
    </string>
    <string id="860">
      <value>Führen Sie zum Inst. einer unterst. Version von Windows einen Neustart durch. Andernfalls erfolgt in Kürze ein Neustart, und Sie erhalten 15 Minuten vorher eine Erinnerung. Lassen Sie Ihr Gerät angeschlossen und eingeschaltet, damit dieses Update installiert werden kann.</value>
    </string>
    <string id="864">
      <value>Die neueste unterstützte Version von Windows wird installiert, damit Ihr Gerät geschützt bleibt. Lassen Sie Ihr Gerät angeschlossen und eingeschaltet, damit das Update installiert werden kann.</value>
    </string>
  </dialogs>
  <settings>
    <string id="810">
      <value>Sie führen derzeit eine Windows-Version aus, deren Support demnächst endet. Wir empfehlen, jetzt ein Update auf die neueste Version von Windows 10 durchzuführen, um die neuesten Features und Sicherheitsverbesserungen zu erhalten.</value>
    </string>
    <string id="812">
      <value>Weitere Informationen</value>
    </string>
    <url id="813">
      <value>https://aka.ms/AA562qu</value>
    </url>
  </settings>
  <toasts>
    <string id="832">
      <value>Neustart und Update durchführen, um weiterhin Support zu erhalten</value>
    </string>
    <string id="833">
      <value>Der Support für das Windows 10 April 2018 Update endet im November 2019. Führen Sie zum Inst. einer unterst. Version von Windows einen Neustart durch.</value>
    </string>
  </toasts>
</campaign>