<campaign name="RS4 Rollout EOS Reboot Post 10B">
  <dialogs>
    <string id="832">
      <value>重新開機並更新以維持支援</value>
    </string>
    <string id="833">
      <value>Windows 10 2018 年 4 月更新在 2019 年 11 月終止支援。 請重新開機，以安裝支援的 Windows 版本。</value>
    </string>
    <string id="837">
      <value>重新開機並更新以維持支援</value>
    </string>
    <string id="838">
      <value>Windows 10 2018 年 4 月更新在 2019 年 11 月終止支援。 請重新開機並安裝最新版本的 Windows，以取得最新的安全性更新和支援。</value>
    </string>
    <string id="842">
      <value>請立即重新開機並更新以獲得支援</value>
    </string>
    <string id="843">
      <value>2019 年 11 月以後，Windows 10 2018 年 4 月更新不會再收到安全性更新或技術支援。 請重新開機，並安裝最新版的 Windows 以維持支援。</value>
    </string>
    <string id="846">
      <value>已為重要更新排程自動重新開機</value>
    </string>
    <string id="847">
      <value>請立即重新開機，以取得最新支援的 Windows 版本。 否則，我們會試著在您的使用時間之外重新開機。 您只需確定裝置已開啟並接上電源。</value>
    </string>
    <string id="851">
      <value>透過此項更新，您將能執行受支援的 Windows 版本。 請立即重新開機，並讓您的裝置保持開啟和接上電源。 否則我們稍後將再試一次。</value>
    </string>
    <string id="855">
      <value>是時候重新開機以保持支援</value>
    </string>
    <string id="856">
      <value>我們無法在排定的時間重新開機以更新您的裝置。 您的裝置可能已關閉、電力偏低，或正在使用中。 請立即重新開機以保持在最新狀態。</value>
    </string>
    <string id="860">
      <value>請立即重新開機，以安裝支援的 Windows 版本。 否則，我們會盡快再試一次，並在開始重新開機前 15 分鐘提醒您。 請將您的裝置保持開啟狀態並接上電源，以取得此更新。</value>
    </string>
    <string id="864">
      <value>我們將會安裝最新支援的 Windows 版本以協助您維持受保護狀態。 請將您的裝置保持開啟狀態並接上電源，以取得更新。</value>
    </string>
  </dialogs>
  <settings>
    <string id="810">
      <value>您目前執行的 Windows 版本即將終止支援。 我們建議您立即更新至最新版本的 Windows 10，以取得最新功能和安全性改良功能。</value>
    </string>
    <string id="812">
      <value>深入了解</value>
    </string>
    <url id="813">
      <value>https://aka.ms/AA562qu</value>
    </url>
  </settings>
  <toasts>
    <string id="832">
      <value>重新開機並更新以維持支援</value>
    </string>
    <string id="833">
      <value>Windows 10 2018 年 4 月更新在 2019 年 11 月終止支援。 請重新開機，以安裝支援的 Windows 版本。</value>
    </string>
  </toasts>
</campaign>