<campaign name="RS4 Rollout EOS Reboot Post 10B">
  <dialogs>
    <string id="832">
      <value>รีสตาร์ตและอัปเดตเพื่อให้ได้รับการสนับสนุนอย่างต่อเนื่อง</value>
    </string>
    <string id="833">
      <value>การสนับสนุนสำหรับการปรับปรุง Windows 10 เดือนเมษายน 2561 สิ้นสุดในเดือนพฤศจิกายน 2562 รีสตาร์ตเพื่อติดตั้ง Windows เวอร์ชันที่ได้รับการสนับสนุนล่าสุด</value>
    </string>
    <string id="837">
      <value>รีสตาร์ตและอัปเดตเพื่อให้ได้รับการสนับสนุนอย่างต่อเนื่อง</value>
    </string>
    <string id="838">
      <value>การสนับสนุนสำหรับการปรับปรุง Windows 10 เดือนเมษายน 2561 สิ้นสุดในเดือนพฤศจิกายน 2562 รีสตาร์ตและติดตั้ง Windows เวอร์ชันใหม่ล่าสุดเพื่อรับการอัปเดตด้านความปลอดภัยและการสนับสนุนล่าสุด</value>
    </string>
    <string id="842">
      <value>รีสตาร์ตและอัปเดตทันทีเพื่อให้ได้รับการสนับสนุนอย่างต่อเนื่อง</value>
    </string>
    <string id="843">
      <value>หลังจากเดือนพฤศจิกายน 2562 การปรับปรุง Windows 10 เดือนเมษายน 2561 จะไม่ได้รับการอัปเดตด้านความปลอดภัยหรือการสนับสนุนทางเทคนิค รีสตาร์ตและติดตั้ง Windows เวอร์ชันล่าสุดเพื่อให้ได้รับการสนับสนุนอย่างต่อเนื่อง</value>
    </string>
    <string id="846">
      <value>เริ่มต้นการจัดกำหนดการใหม่สำหรับการอัปเดตสำคัญโดยอัตโนมัติ</value>
    </string>
    <string id="847">
      <value>รีสตาร์ตทันทีเพื่อรับ Windows เวอร์ชันที่ได้รับการสนับสนุนล่าสุด มิฉะนั้นเราจะพยายามรีสตาร์ตนอกเวลาทำการของคุณ อย่าลืมเปิดและเสียบปลั๊กอุปกรณ์ของคุณไว้</value>
    </string>
    <string id="851">
      <value>ด้วยการอัปเดตนี้ คุณจะได้ใช้งาน Windows เวอร์ชันที่ได้รับการสนับสนุน รีสตาร์ตทันทีแล้วเปิดและเสียบปลั๊กอุปกรณ์ของคุณไว้ หรือเราจะลองอีกครั้งในภายหลัง</value>
    </string>
    <string id="855">
      <value>ถึงเวลาที่จะรีสตาร์ตเพื่อรับการสนับสนุน</value>
    </string>
    <string id="856">
      <value>เราไม่สามารถรีสตาร์ตเพื่ออัปเดตอุปกรณ์ของคุณในเวลาที่กำหนด อาจปิดเครื่องอยู่ แบตเตอรี่เหลือน้อย หรือใช้งานอยู่ รีสตาร์ตทันทีเพื่อรับข้อมูลล่าสุด</value>
    </string>
    <string id="860">
      <value>รีสตาร์ตทันทีเพื่อติดตั้ง Windows เวอร์ชันที่ได้รับการสนับสนุนล่าสุด มิฉะนั้น เราจะลองอีกครั้งในอีกไม่ช้าและเตือนคุณ 15 นาทีก่อนที่จะเริ่มต้นใหม่ เปิดและเสียบปลั๊กอุปกรณ์ของคุณไว้เพื่อรับการอัปเดตนี้</value>
    </string>
    <string id="864">
      <value>ระบบจะติดตั้ง Windows เวอร์ชันที่ได้รับการสนับสนุนล่าสุดเพื่อช่วยให้คุณได้รับการปกป้อง เปิดและเสียบปลั๊กอุปกรณ์ของคุณไว้เพื่อรับการอัปเดต</value>
    </string>
  </dialogs>
  <settings>
    <string id="810">
      <value>คุณกำลังใช้งาน Windows เวอร์ชันที่ใกล้จะสิ้นสุดการสนับสนุน เราขอแนะนำให้คุณอัปเดตเป็น Windows 10 เวอร์ชันล่าสุดเพื่อรับคุณลักษณะและการปรับปรุงความปลอดภัยล่าสุด</value>
    </string>
    <string id="812">
      <value>เรียนรู้เพิ่มเติม</value>
    </string>
    <url id="813">
      <value>https://aka.ms/AA562qu</value>
    </url>
  </settings>
  <toasts>
    <string id="832">
      <value>รีสตาร์ตและอัปเดตเพื่อให้ได้รับการสนับสนุนอย่างต่อเนื่อง</value>
    </string>
    <string id="833">
      <value>การสนับสนุนสำหรับการปรับปรุง Windows 10 เดือนเมษายน 2561 สิ้นสุดในเดือนพฤศจิกายน 2562 รีสตาร์ตเพื่อติดตั้ง Windows เวอร์ชันที่ได้รับการสนับสนุนล่าสุด</value>
    </string>
  </toasts>
</campaign>