<campaign name="RS4 Rollout EOS Reboot Post 10B">
  <dialogs>
    <string id="832">
      <value>Reiniciar e atualizar para manter o suporte</value>
    </string>
    <string id="833">
      <value>O suporte para a Atualização de Abril de 2018 do Windows 10 termina em novembro de 2019. Reinicie para instalar uma versão suportada do Windows.</value>
    </string>
    <string id="837">
      <value>Reiniciar e atualizar para manter o suporte</value>
    </string>
    <string id="838">
      <value>O suporte para a Atualização de Abril de 2018 do Windows 10 termina em novembro de 2019. Reinicie e instale a versão mais recente do Windows para obter o suporte e as atualizações de segurança mais recentes.</value>
    </string>
    <string id="842">
      <value>Reiniciar e atualizar agora para manter o suporte</value>
    </string>
    <string id="843">
      <value>Depois de novembro de 2019, a Atualização de Abril de 2018 do Windows 10 não irá receber atualizações de segurança nem suporte técnico. Reinicie e instale a versão mais recente do Windows para manter o suporte.</value>
    </string>
    <string id="846">
      <value>Reinício automático agendado para atualizações importantes</value>
    </string>
    <string id="847">
      <value>Reinicie agora para obter a versão suportada mais recente do Windows. Caso contrário, tentaremos reiniciar fora das horas de atividade. Só tem de certificar-se de que deixa o seu dispositivo ativado e ligado à corrente.</value>
    </string>
    <string id="851">
      <value>Com esta atualização, irá executar uma versão suportada do Windows. Reinicie agora e deixe o seu dispositivo ativado e ligado à corrente. Alternativamente, iremos tentar novamente mais tarde.</value>
    </string>
    <string id="855">
      <value>Chegou o momento de reiniciar para manter o suporte</value>
    </string>
    <string id="856">
      <value>Não foi possível reiniciar para atualizar o seu dispositivo na hora agendada. Pode ter sido desligado, tinha a bateria fraca ou estava a ser utilizado. Reinicie agora para manter-se atualizado.</value>
    </string>
    <string id="860">
      <value>Reinicie agora para instalar uma versão suportada do Windows. Caso contrário, iremos tentar novamente em breve e enviar-lhe um lembrete 15 minutos antes de o reinício começar. Deixe o seu dispositivo ativado e ligado à corrente para obter esta atualização.</value>
    </string>
    <string id="864">
      <value>A versão suportada mais recente do Windows será instalada para ajudá-lo a manter-se protegido. Deixe o seu dispositivo ativado e ligado à corrente para obter a atualização.</value>
    </string>
  </dialogs>
  <settings>
    <string id="810">
      <value>Está a executar uma versão do Windows que está a chegar ao fim do suporte. Recomendamos que atualize agora para a versão mais recente do Windows 10 para obter as funcionalidades e os melhoramentos de segurança mais recentes.</value>
    </string>
    <string id="812">
      <value>Mais Informações</value>
    </string>
    <url id="813">
      <value>https://aka.ms/AA562qu</value>
    </url>
  </settings>
  <toasts>
    <string id="832">
      <value>Reiniciar e atualizar para manter o suporte</value>
    </string>
    <string id="833">
      <value>O suporte para a Atualização de Abril de 2018 do Windows 10 termina em novembro de 2019. Reinicie para instalar uma versão suportada do Windows.</value>
    </string>
  </toasts>
</campaign>