<campaign name="RS4 Rollout EOS Reboot Post 10B">
  <dialogs>
    <string id="832">
      <value>Ponovno pokretanje i ažuriranje za nastavak podrške</value>
    </string>
    <string id="833">
      <value>Podrška za ispravku za Windows 10 iz aprila 2018. prestaje u novembru 2019. Ponovo pokrenite uređaj da biste instalirali podržanu verziju OS Windows.</value>
    </string>
    <string id="837">
      <value>Ponovno pokretanje i ažuriranje za nastavak podrške</value>
    </string>
    <string id="838">
      <value>Podrška za ispravku za Windows 10 iz aprila 2018. prestaje u novembru 2019. Ponovo pokrenite i instalirajte najnoviju verziju OS Windows da biste dobili najnovije bezbednosne ispravke i podršku.</value>
    </string>
    <string id="842">
      <value>Ponovo pokrenite i ažurirajte uređaj da biste zadržali podršku</value>
    </string>
    <string id="843">
      <value>Posle novembra 2019. ispravka za Windows 10 iz aprila 2018. neće dobijati bezbednosne ispravke niti tehničku podršku. Ponovo pokrenite i instalirajte najnoviju verziju operativnog sistema Windows da biste zadržali podršku.</value>
    </string>
    <string id="846">
      <value>Isplanirano je automatsko ponovno pokretanje za instalaciju važnih ispravki</value>
    </string>
    <string id="847">
      <value>Ponovo pokrenite sada da biste dobili najnoviju podržanu verziju operativnog sistema Windows. U suprotnom, pokušaćemo ponovno pokretanje van vremena aktivnog korišćenja. Uverite se da ste ostavili uključen uređaj i da je priključen na izvor napajanja.</value>
    </string>
    <string id="851">
      <value>Uz ovu ispravku ćete koristiti podržanu verziju operativnog sistema Windows. Ponovo pokrenite sada i ostavite uređaj uključen i priključen na izvor napajanja. Ili ćemo mi pokušati ponovo kasnije.</value>
    </string>
    <string id="855">
      <value>Vreme je za ponovno pokretanje da biste i dalje imali podršku</value>
    </string>
    <string id="856">
      <value>Nismo mogli da ponovo pokrenemo uređaj radi ažuriranja u zakazanom vremenu. Uređaj je možda bio isključen, korišćen ili se baterija ispraznila. Ponovo ga pokrenite sada da bi se ažurirao.</value>
    </string>
    <string id="860">
      <value>Ponovo pokrenite sada da biste instalirali podržanu verziju operativnog sistema Windows. U suprotnom, pokušaćemo ponovo uskoro i podsetićemo vas 15 minuta pre nego što počne ponovno pokretanje. Ostavite uključen uređaj i priključen na izvor napajanja da biste dobili ovu ispravku.</value>
    </string>
    <string id="864">
      <value>Najnovija podržana verzija operativnog sistema Windows će biti instalirana kako biste ostali zaštićeni. Ostavite uključen uređaj i priključen na izvor napajanja da biste dobili ispravku.</value>
    </string>
  </dialogs>
  <settings>
    <string id="810">
      <value>Trenutno koristite verziju operativnog sistema Windows koja se bliži prestanku podrške. Preporučujemo da odmah ažurirate na najnoviju verziju sistema Windows 10 da biste dobili najnovije funkcije i bezbednosna poboljšanja.</value>
    </string>
    <string id="812">
      <value>Saznajte više</value>
    </string>
    <url id="813">
      <value>https://aka.ms/AA562qu</value>
    </url>
  </settings>
  <toasts>
    <string id="832">
      <value>Ponovno pokretanje i ažuriranje za nastavak podrške</value>
    </string>
    <string id="833">
      <value>Podrška za ispravku za Windows 10 iz aprila 2018. prestaje u novembru 2019. Ponovo pokrenite uređaj da biste instalirali podržanu verziju OS Windows.</value>
    </string>
  </toasts>
</campaign>