<campaign name="RS4 Rollout EOS Reboot Post 10B">
  <dialogs>
    <string id="832">
      <value>引き続きサポートを受けるには、再起動して更新してください</value>
    </string>
    <string id="833">
      <value>Windows 10 April 2018 Update のサポートは 2019 年 11 月に終了します。 再起動して、サポートされているバージョンの Windows をインストールしてください。</value>
    </string>
    <string id="837">
      <value>引き続きサポートを受けるには、再起動して更新してください</value>
    </string>
    <string id="838">
      <value>Windows 10 April 2018 Update のサポートは 2019 年 11 月に終了します。 最新のセキュリティ更新プログラムを入手して引き続きサポートを受けるには、再起動して最新バージョンの Windows をインストールしてください。</value>
    </string>
    <string id="842">
      <value>サポートされた状態を継続するには、今すぐ再起動して更新してください</value>
    </string>
    <string id="843">
      <value>2019 年 11 月以降、Windows 10 April 2018 Update はセキュリティ更新プログラムの配信対象外となり、テクニカル サポートを受けることもできなくなります。 サポートされた状態を継続するには、再起動して最新バージョンの Windows をインストールしてください。</value>
    </string>
    <string id="846">
      <value>重要な更新プログラムのための自動再起動が予定されています</value>
    </string>
    <string id="847">
      <value>今すぐ再起動して、サポートされている最新バージョンの Windows を入手してください。 今すぐ再起動しなかった場合は、アクティブ時間外に再起動が行われます。 デバイスをコンセントに接続して電源を入れたままにしておいてください。</value>
    </string>
    <string id="851">
      <value>この更新プログラムを適用することにより、サポートされているバージョンの Windows を使用できます。 今すぐ再起動し、デバイスをコンセントに接続して電源を入れたままにしておいてください。 今すぐ再起動しなかった場合は、後で自動的に再起動が行われます。</value>
    </string>
    <string id="855">
      <value>引き続きサポートを受けるには、今すぐ再起動する必要があります</value>
    </string>
    <string id="856">
      <value>デバイスを更新するための再起動をスケジュールされた時刻に実行できませんでした。 使用中であったか、電源が入っていなかったか、バッテリー残量が足りなかった可能性があります。 最新の状態を維持するには、今すぐ再起動してください。</value>
    </string>
    <string id="860">
      <value>今すぐ再起動して、サポートされている最新バージョンの Windows をインストールしてください。 今すぐ再起動しなかった場合は、少ししてから自動的に再起動が行われます (再起動が始まる 15 分前には通知が表示されます)。 この更新プログラムを入手するには、デバイスをコンセントに接続して電源を入れたままにしておいてください。</value>
    </string>
    <string id="864">
      <value>保護された状態を維持するために、サポートされている最新バージョンの Windows がインストールされます。 更新プログラムを入手するには、デバイスをコンセントに接続して電源を入れたままにしておいてください。</value>
    </string>
  </dialogs>
  <settings>
    <string id="810">
      <value>現在実行中の Windows は、サポートの終了が近づいているバージョンです。 今すぐ最新バージョンの Windows 10 に更新して、最新機能やセキュリティ強化を入手することをお勧めします。</value>
    </string>
    <string id="812">
      <value>詳細はこちら</value>
    </string>
    <url id="813">
      <value>https://aka.ms/AA562qu</value>
    </url>
  </settings>
  <toasts>
    <string id="832">
      <value>引き続きサポートを受けるには、再起動して更新してください</value>
    </string>
    <string id="833">
      <value>Windows 10 April 2018 Update のサポートは 2019 年 11 月に終了します。 再起動して、サポートされているバージョンの Windows をインストールしてください。</value>
    </string>
  </toasts>
</campaign>