<campaign name="RS4 Rollout EOS Reboot Post 10B">
  <dialogs>
    <string id="832">
      <value>지원을 유지하려면 다시 시작하고 업데이트하세요</value>
    </string>
    <string id="833">
      <value>Windows 10 2018년 4월 업데이트에 대한 지원은 2019년 11월에 종료됩니다. 지원되는 버전의 Windows를 설치하려면 다시 시작하세요.</value>
    </string>
    <string id="837">
      <value>지원을 유지하려면 다시 시작하고 업데이트하세요</value>
    </string>
    <string id="838">
      <value>Windows 10 2018년 4월 업데이트에 대한 지원은 2019년 11월에 종료됩니다. 최신 보안 업데이트 및 지원을 받으려면 다시 시작하고 최신 버전의 Windows를 설치하세요.</value>
    </string>
    <string id="842">
      <value>지원되는 상태로 유지하려면 지금 다시 시작하고 업데이트하세요.</value>
    </string>
    <string id="843">
      <value>2019년 11월 이후에는 Windows 10 2018년 4월 업데이트에 대한 보안 업데이트 또는 기술 지원을 받을 수 없습니다. 지원되는 상태로 유지하려면 다시 시작하고 최신 버전의 Windows를 설치하세요.</value>
    </string>
    <string id="846">
      <value>중요 업데이트를 위해 자동 다시 시작이 예약되었습니다.</value>
    </string>
    <string id="847">
      <value>지원되는 최신 버전의 Windows를 다운로드하려면 지금 다시 시작하세요. 지금 다시 시작하지 않으면 사용 시간이 아닐 때 다시 시작을 시도합니다. 장치를 켜 놓고 전원을 연결해 두세요.</value>
    </string>
    <string id="851">
      <value>이 업데이트를 사용하면 지원되는 버전의 Windows를 실행할 수 있습니다. 지금 다시 시작하고 장치를 켜 놓고 전원을 연결해 두세요. 또는 나중에 다시 시도합니다.</value>
    </string>
    <string id="855">
      <value>지원되는 상태로 유지하려면 다시 시작해야 합니다.</value>
    </string>
    <string id="856">
      <value>예약된 시간에 업데이트하기 위해 장치를 다시 시작하지 못했습니다. 전원이 꺼졌거나 배터리가 부족하거나 사용 중인 것 같습니다. 최신 상태로 유지하려면 지금 다시 시작하세요.</value>
    </string>
    <string id="860">
      <value>지원되는 버전의 Windows를 설치하려면 지금 다시 시작하세요. 지금 다시 시작하지 않으면 곧 다시 시도되며 다시 시작이 시작되기 15분 전에 미리 알림이 표시됩니다. 이 업데이트를 다운로드하려면 장치를 켜 놓고 전원을 연결해 두세요.</value>
    </string>
    <string id="864">
      <value>보호된 상태를 유지할 수 있도록 최신 버전의 Windows가 설치됩니다. 업데이트를 다운로드하려면 장치를 켜 놓고 전원을 연결해 두세요.</value>
    </string>
  </dialogs>
  <settings>
    <string id="810">
      <value>현재 지원이 거의 끝나가는 버전의 Windows를 실행하고 있습니다. 최신 기능 및 보안 개선 사항을 받으려면 지금 최신 버전의 Windows 10으로 업데이트하는 것이 좋습니다.</value>
    </string>
    <string id="812">
      <value>추가 정보</value>
    </string>
    <url id="813">
      <value>https://aka.ms/AA562qu</value>
    </url>
  </settings>
  <toasts>
    <string id="832">
      <value>지원을 유지하려면 다시 시작하고 업데이트하세요</value>
    </string>
    <string id="833">
      <value>Windows 10 2018년 4월 업데이트에 대한 지원은 2019년 11월에 종료됩니다. 지원되는 버전의 Windows를 설치하려면 다시 시작하세요.</value>
    </string>
  </toasts>
</campaign>