<campaign name="RS4 Rollout EOS Reboot Post 10B">
  <dialogs>
    <string id="832">
      <value>إعادة التشغيل والتحديث للاستمرار في تلقي الدعم</value>
    </string>
    <string id="833">
      <value>ينتهي دعم تحديث أبريل 2018 لنظام Windows 10 في نوفمبر 2019. أعد التشغيل لتثبيت إصدار مدعوم من Windows.</value>
    </string>
    <string id="837">
      <value>إعادة التشغيل والتحديث للاستمرار في تلقي الدعم</value>
    </string>
    <string id="838">
      <value>ينتهي دعم تحديث أبريل 2018 لنظام Windows 10 في نوفمبر 2019. أعد التشغيل وقم بتثبيت الإصدار الأحدث من Windows للحصول على تحديثات الأمان الأخيرة والدعم.</value>
    </string>
    <string id="842">
      <value>إعادة التشغيل والتحديث الآن للاستمرار في تلقي الدعم</value>
    </string>
    <string id="843">
      <value>بعد شهر نوفمبر 2019، سيتوقف تحديث أبريل 2018 لنظام Windows 10 عن تلقي تحديثات الأمان أو الدعم التقني. أعد التشغيل وقم بتثبيت الإصدار الأحدث من Windows للاستمرار في تلقي الدعم‬.</value>
    </string>
    <string id="846">
      <value>تمت جدولة إعادة التشغيل التلقائي للتحديثات الهامة</value>
    </string>
    <string id="847">
      <value>أعد التشغيل الآن للحصول على الإصدار الأخير المدعوم من Windows. وإلا، سنحاول إعادة التشغيل خارج الساعات النشطة. تأكد فقط من إبقاء جهازك في وضع التشغيل والتوصيل.</value>
    </string>
    <string id="851">
      <value>باستخدام هذا التحديث، ستقوم بتشغيل إصدار مدعوم من Windows. أعد التشغيل الآن واترك جهازك في وضع التشغيل والتوصيل. أو سنحاول مرة أخرى لاحقًا.</value>
    </string>
    <string id="855">
      <value>حان وقت إعادة التشغيل للاستمرار في تلقي الدعم</value>
    </string>
    <string id="856">
      <value>تعذر علينا إعادة تشغيل جهازك لتحديثه في الوقت المجدول. من المحتمل أن يكون متوقفًا عن التشغيل أو قيد الاستخدام أو أن تكون طاقة البطارية فيه منخفضة. أعد التشغيل الآن لإبقاء جهازك محدّثًا.</value>
    </string>
    <string id="860">
      <value>أعد التشغيل الآن لتثبيت إصدار مدعوم من Windows. وإلا، سنحاول مرة أخرى قريبًا ونذكرك قبل 15 دقيقه من بدء إعادة التشغيل. اترك جهازك في وضع التشغيل والتوصيل للحصول على هذا التحديث.</value>
    </string>
    <string id="864">
      <value>سيتم تثبيت الإصدار الأخير المدعوم من Windows لمساعدتك على متابعة حماية جهازك. اترك جهازك في وضع التشغيل والتوصيل للحصول على التحديث.</value>
    </string>
  </dialogs>
  <settings>
    <string id="810">
      <value>أنت تستخدم حاليًا إصدارًا من Windows يقترب من فترة انتهاء الدعم. ننصحك بالتحديث إلى أحدث إصدار من Windows 10 الآن للحصول على أحدث الميزات وتحسينات الأمان.</value>
    </string>
    <string id="812">
      <value>معرفة المزيد‬</value>
    </string>
    <url id="813">
      <value>https://aka.ms/AA562qu</value>
    </url>
  </settings>
  <toasts>
    <string id="832">
      <value>إعادة التشغيل والتحديث للاستمرار في تلقي الدعم</value>
    </string>
    <string id="833">
      <value>ينتهي دعم تحديث أبريل 2018 لنظام Windows 10 في نوفمبر 2019. أعد التشغيل لتثبيت إصدار مدعوم من Windows.</value>
    </string>
  </toasts>
</campaign>