<campaign name="RS4 Rollout EOS Reboot Post 10B">
  <dialogs>
    <string id="832">
      <value>Ponowne uruchomienie i aktualizacja w celu utrzymania wsparcia technicznego</value>
    </string>
    <string id="833">
      <value>Wsparcie techn. aktual. Windows 10 z kwietnia 2018 kończy się w list. 2019 r. Ponownie uruchom, aby zainstalować obsługiwaną wersję Windows.</value>
    </string>
    <string id="837">
      <value>Ponowne uruchomienie i aktualizacja w celu utrzymania wsparcia technicznego</value>
    </string>
    <string id="838">
      <value>Wsparcie techn. aktual. Windows 10 z kwietnia 2018 kończy się w list. 2019 r. Ponownie uruchom urządzenie i zainstaluj najnowszą wersję systemu Windows, aby uzyskać najnowsze aktualizacje zabezpieczeń i pomoc techniczną.</value>
    </string>
    <string id="842">
      <value>Ponownie uruchom i zaktualizuj urządzenie teraz, aby utrzymać wsparcie techniczne</value>
    </string>
    <string id="843">
      <value>Po listopadzie 2019 r. aktualizacja systemu Windows 10 z kwietnia 2018 r. nie będzie otrzymywać poprawek zabezpieczeń ani pomocy technicznej. Ponownie uruchom urządzenie i zainstaluj najnowszą wersję systemu Windows, aby utrzymać wsparcie techniczne.</value>
    </string>
    <string id="846">
      <value>Zaplanowano automatyczne ponowne uruchomienie w celu zainstalowania ważnych aktualizacji</value>
    </string>
    <string id="847">
      <value>Przeprowadź teraz ponowne uruchomienie, aby uzyskać najnowszą obsługiwaną wersję systemu Windows. W przeciwnym razie spróbujemy ponownie uruchomić urządzenie poza godzinami aktywnego użytkowania. Upewnij się, że urządzenie pozostawiono włączone i podłączone do zasilania.</value>
    </string>
    <string id="851">
      <value>Dzięki tej aktualizacji na urządzeniu będzie zainstalowana obsługiwana wersja systemu Windows. Przeprowadź teraz ponowne uruchomienie i pozostaw urządzenie włączone i podłączone do zasilania. Możemy też spróbować ponownie później.</value>
    </string>
    <string id="855">
      <value>Nadszedł czas na ponowne uruchomienie, aby utrzymać wsparcie techniczne</value>
    </string>
    <string id="856">
      <value>Nie można było ponownie uruchomić urządzenia w zaplanowanym czasie w celu jego zaktualizowania. Urządzenie mogło być wyłączone, używane lub poziom baterii mógł być niski. Przeprowadź teraz ponowne uruchomienie, aby utrzymać aktualność systemu.</value>
    </string>
    <string id="860">
      <value>Ponownie uruchom teraz, aby zainstalować obsługiwaną wersję systemu Windows. W przeciwnym razie spróbujemy ponownie wkrótce. Na 15 minut przed rozpoczęciem ponownego uruchamiania urządzenia zostanie wyświetlony odpowiedni monit. Aby uzyskać tę aktualizację, pozostaw urządzenie włączone i podłączone do zasilania.</value>
    </string>
    <string id="864">
      <value>Zostanie zainstalowana najnowsza obsługiwana wersja systemu Windows, aby zapewnić Ci w ochronę. Aby uzyskać tę aktualizację, pozostaw urządzenie włączone i podłączone do zasilania.</value>
    </string>
  </dialogs>
  <settings>
    <string id="810">
      <value>Obecnie jest zainstalowana wersja systemu Windows, dla której zbliża się koniec wsparcia technicznego. Zalecamy zaktualizowanie teraz do najnowszej wersji systemu Windows 10, aby uzyskać najnowsze funkcje i ulepszenia zabezpieczeń.</value>
    </string>
    <string id="812">
      <value>Dowiedz się więcej</value>
    </string>
    <url id="813">
      <value>https://aka.ms/AA562qu</value>
    </url>
  </settings>
  <toasts>
    <string id="832">
      <value>Ponowne uruchomienie i aktualizacja w celu utrzymania wsparcia technicznego</value>
    </string>
    <string id="833">
      <value>Wsparcie techn. aktual. Windows 10 z kwietnia 2018 kończy się w list. 2019 r. Ponownie uruchom, aby zainstalować obsługiwaną wersję Windows.</value>
    </string>
  </toasts>
</campaign>