<campaign name="RS4 Rollout EOS Reboot Post 10B">
  <dialogs>
    <string id="832">
      <value>Taaskäivitage ja värskendage, et ka edaspidi tootetuge saada</value>
    </string>
    <string id="833">
      <value>Windows 10 värskenduse (aprill 2018) tugi lõpeb novembris 2019. Windowsi toetatud versiooni installimiseks taaskäivitage seade.</value>
    </string>
    <string id="837">
      <value>Taaskäivitage ja värskendage, et ka edaspidi tootetuge saada</value>
    </string>
    <string id="838">
      <value>Windows 10 värskenduse (aprill 2018) tugi lõpeb novembris 2019. Uusimate turbevärskenduste ja toe saamiseks taaskäivitage ja installige Windowsi uusim versioon.</value>
    </string>
    <string id="842">
      <value>Taaskäivitage ja värskendage kohe, et ka edaspidi tootetuge saada</value>
    </string>
    <string id="843">
      <value>Pärast 2019. aasta novembrit ei saa Windows 10 värskendus (aprill 2018) enam turbevärskendusi ega tehnilist tuge. Kui soovite ka edaspidi tugiteenuseid saada, taaskäivitage ja installige Windowsi uusim versioon.</value>
    </string>
    <string id="846">
      <value>Automaatne taaskäivitamine on oluliste värskenduste jaoks ajastatud</value>
    </string>
    <string id="847">
      <value>Windowsi uusima toetatud versiooni hankimiseks taaskäivitage seade kohe. Muul juhul proovime arvuti taaskäivitada väljaspool teie aktiivset aega. Jätke seade sisselülitatuks ja vooluvõrku ühendatuks.</value>
    </string>
    <string id="851">
      <value>Selle värskenduse installimise järel töötab teie seadmes Windowsi toetatud versioon. Taaskäivitage seade kohe ning jätke see sisselülitatuks ja vooluvõrku ühendatuks. Muidu proovime hiljem uuesti.</value>
    </string>
    <string id="855">
      <value>Kui soovite ka edaspidi tootetuge saada, on aeg taaskäivitada</value>
    </string>
    <string id="856">
      <value>Me ei saanud seadet ajastatud kellaajal värskendamiseks taaskäivitada. On võimalik, et see oli välja lülitatud, aku oli tühi või see oli kasutusel. Ajakohasuse tagamiseks taaskäivitage seade kohe.</value>
    </string>
    <string id="860">
      <value>Windowsi toetatud versiooni installimiseks taaskäivitage seade kohe. Muul juhul proovime varsti uuesti. Tuletame teile taaskäivitamist meelde 15 minutit enne taaskäivitamise alustamist. Värskenduse saamiseks jätke seade sisselülitatuks ja vooluvõrku ühendatuks.</value>
    </string>
    <string id="864">
      <value>Et saaksime teile ka edaspidi kaitset pakkuda, installitakse Windowsi uusim toetatud versioon. Värskenduse saamiseks peab seade olema sisse lülitatud ja vooluvõrku ühendatud.</value>
    </string>
  </dialogs>
  <settings>
    <string id="810">
      <value>Kasutate praegu sellist Windowsi versiooni, mille tootetoe lõpp jõuab peagi kätte. Uusimate funktsioonide ja turbetäiustuste saamiseks soovitame teil kohe üle minna Windows 10 uusimale versioonile.</value>
    </string>
    <string id="812">
      <value>Lisateave</value>
    </string>
    <url id="813">
      <value>https://aka.ms/AA562qu</value>
    </url>
  </settings>
  <toasts>
    <string id="832">
      <value>Taaskäivitage ja värskendage, et ka edaspidi tootetuge saada</value>
    </string>
    <string id="833">
      <value>Windows 10 värskenduse (aprill 2018) tugi lõpeb novembris 2019. Windowsi toetatud versiooni installimiseks taaskäivitage seade.</value>
    </string>
  </toasts>
</campaign>