<campaign name="RS4 Rollout EOS Reboot Post 10B">
  <dialogs>
    <string id="832">
      <value>重启并更新以继续获得支持</value>
    </string>
    <string id="833">
      <value>对 Windows 10 2018 年 4 月更新的支持将于 2019 年 11 月结束。 重启以安装受支持版本的 Windows。</value>
    </string>
    <string id="837">
      <value>重启并更新以继续获得支持</value>
    </string>
    <string id="838">
      <value>对 Windows 10 2018 年 4 月更新的支持将于 2019 年 11 月结束。 重启并安装最新版本的 Windows 以获取最新的安全更新和支持。</value>
    </string>
    <string id="842">
      <value>立即重启并更新以继续获得支持</value>
    </string>
    <string id="843">
      <value>2019 年 11 月后，Windows 10 2018 年 4 月更新将不会收到安全更新或技术支持。 重启并安装最新版本的 Windows 以继续获得支持。</value>
    </string>
    <string id="846">
      <value>为重要更新计划的自动重启</value>
    </string>
    <string id="847">
      <value>立即重启以获取最新的受支持版本的 Windows。 否则，我们将尝试在你的使用时段之外重启。 只需确保设备处于打开状态并接通电源。</value>
    </string>
    <string id="851">
      <value>通过此更新，你将运行受支持版本的 Windows。 立即重启，并且保持设备处于打开状态并接通电源。 否则我们将稍后重试。</value>
    </string>
    <string id="855">
      <value>现在重启以继续获得支持</value>
    </string>
    <string id="856">
      <value>我们无法在计划的时间重启你的设备进行更新。 设备可能已关闭、电池电量不足或正在使用中。 立即重启以保持最新状态。</value>
    </string>
    <string id="860">
      <value>立即重启以安装受支持版本的 Windows。 否则，我们将稍后重试，并在重启开始前 15 分钟提醒你。 保持设备处于打开状态并接通电源，以获取此更新。</value>
    </string>
    <string id="864">
      <value>将安装最新的受支持版本的 Windows，以帮助你继续获得保护。 保持设备处于打开状态并接通电源，以获取此更新。</value>
    </string>
  </dialogs>
  <settings>
    <string id="810">
      <value>你当前运行的 Windows 版本即将终止支持。 我们建议你立即更新到最新版本的 Windows 10 以获取最新功能和安全改进。</value>
    </string>
    <string id="812">
      <value>了解更多</value>
    </string>
    <url id="813">
      <value>https://aka.ms/AA562qu</value>
    </url>
  </settings>
  <toasts>
    <string id="832">
      <value>重启并更新以继续获得支持</value>
    </string>
    <string id="833">
      <value>对 Windows 10 2018 年 4 月更新的支持将于 2019 年 11 月结束。 重启以安装受支持版本的 Windows。</value>
    </string>
  </toasts>
</campaign>